
SET SQL_MODE="NO_AUTO_VALUE_ON_ZERO";

--
-- Database: `x2011west`
--

-- --------------------------------------------------------

-- 
-- You can do a bulk replace of 'test_eventtools_'
-- to convert to 'test_eventtools_' and vice versa
--

-- --------------------------------------------------------

--
-- Loading data for table `test_eventtools_event_status_values`
--

DELETE FROM `test_eventtools_event_status_values`; 
INSERT INTO `test_eventtools_event_status_values` (`event_status_id`, `event_status_code`, `event_status_name`, `event_status_display`) VALUES
(7, 0, '(0) Unknown', '(unknown)'),
(8, 1, '(1) Some data entered', '(incomplete)'),
(9, 2, '(2) Waiting approval', '(wait approval)'),
(10, 3, '(3) Approved, no cart link', ''),
(11, 4, '(4) Visible, cart link shown', '(cart link)'),
(12, 5, '(5) Sold Out', 'Sold Out'),
(13, 6, '(6) Cancelled', 'Cancelled');

-- --------------------------------------------------------

--
-- Loading data for table `test_eventtools_handicapped_values`
--

DELETE FROM `test_eventtools_accessibility_codes`;
INSERT INTO `test_eventtools_accessibility_codes` (`accessibility_code`, `accessibility_name`, `accessibility_display`) VALUES
(1, '(1) Handicapped hostile', 'Handicapped hostile'),
(2, '(2) Several steps and/or duck-under(s)', 'Several steps and/or duck-under(s)'),
(3, '(3) Average house (1-2 steps)', 'Average house (1-2 steps)'),
(4, '(4) No hazards', 'No hazards'),
(5, '(5) Special adaptations for handicapped', 'Special adaptations for handicapped'),
(6, '(6) Unknown/not entered', 'Accessibility unknown/not entered');

-- --------------------------------------------------------

--
-- Loading data for table `test_eventtools_clinic_locations`
--

DELETE FROM `test_eventtools_clinic_locations`;
INSERT INTO `test_eventtools_clinic_locations` (`id`, `location_code`, `location_name`) VALUES
(7, 0, '(0) Unknown'),
(8, 1, 'Room 1'),
(9, 2, 'Room 2'),
(10, 3, 'Room 3'),
(11, 4, 'Room 4'),
(12, 5, 'Room 5'),
(13, 6, 'Room 6'),
(14, 7, 'Room 7'),
(15, 8, 'CSRM'),
(16, 9, 'Non-Rail'),
(17, 10, 'Auction Room'),
(18, 11, 'Convention Center'),
(19, 12, 'TBA');

-- --------------------------------------------------------
-- --------------------------------------------------------

--
-- Loading data for table `test_eventtools_layouts`
--

DELETE FROM `test_eventtools_layouts`;
INSERT INTO `test_eventtools_layouts` (`layout_id`, `layout_num`, `layout_name`, `layout_short_description`, `layout_long_description`, `layout_scale`, `layout_prototype`, `layout_era`, `layout_scenery`, `layout_size`, `layout_mainline_length`, `layout_plan_type`, `layout_ops_scheme`, `layout_control`, `layout_accessibility`, `layout_wheelchair_access`, `layout_duckunder_entry`, `layout_owner_url`, `layout_owner_firstname`, `layout_owner_lastname`, `layout_owner_phone`, `layout_owner_call_time`, `layout_owner_email`, `layout_street_address`, `layout_city`, `layout_state`, `layout_postcode`, `layout_local_url`, `layout_status_code`) VALUES
(7, 'R007', '', '', 'Located in a freestanding 34X80 foot building, Bob''s free-lanced transition era layout is contains a mountain scene with spectacular bridges, a city scene and a port complete with cargo ship. Bob''s 2,694 feet (over 80,000 ties) of hand-laid track includes a seven track passenger station, industrial switching district and a large classification yard. Equipment inventory in Bob''s O scale empire includes 117 locomotives, 43 cabeese and over 1,000 freight cars.																	', 'O', '', '', '100%', '34 x 80', '', '', '', 'yes', 2, 'N', 'N', '', 'Bob', 'Jakl', '(209) 743-7812', '', '', '5034 Mykleoaks Road', 'Mariposa', 'CA', '', '', NULL),
(8, 'R008', '', '', 'Dave''s 2,000 feet of hand-laid track occupies a 30 X 70 foot area on the second floor of a freestanding building. The design is a loose interpretation of the SP from Sacramento to Sparks, but Santa Fe and Sierra Railroad steam locomotives roam the rails as well. xxx feet of snowsheds protect Dave''s mainline from that precipitation, which has covered the southern half of this spectacularly sceniced layout. Downgrade from the snow is a large engine facility with turntable and roundhouse.', 'O', '', '', '100%', '30 x 70', '', '', '', 'yes', 5, 'N', 'N', '', 'Dave', 'Viale', '(209) 742-5737', '', '', '5652 Pilot Peak Road', 'Mariposa', 'CA', '', '', NULL),
(9, 'R009', '', '', 'Tom''s Lionel trains are certainly not a &quot;Lionel layout&quot;. This freelanced transition era layout is fully sceniced and ballasted with many scratch-built structures and is definitely not a toy train set-up. Tom''s 24 X 36 foot layout features a liftable bridge for access into the central viewing area.', 'O', '', '', '100%', '24 x 36', '', '', '', 'Analog', 6, 'N', 'N', '', 'Tom', 'Davis', '(209) 742-6131', '', '', '4838 Usona Road', 'Mariposa', 'CA', '', '', NULL),
(11, 'R011', 'Glenwood & Black Creek NG (and Central California Coast SG)', '', 'The G&amp;BC narrow gauge represents 1/2 of a mountain division. Heavy freight and passenger trains work from and to several staging yards across the 2 1/2% grades over Cumbres pass - most require helpers. In between 8 towns and industries are serviced by peddler freights. There is also a 35 scale mile heavy branch line regularly in use, and a branch and facilities depicting the West Side Lumber Company. The standard gauge loops through the layout and emulates the Southern Pacific. The layout is 98% sceniced.', 'HO HOn', 'Free lanced', '1930''s to 1960''s Cal', '', '14 X 33 plus side room', '242''', 'Point to Point (but connected lo', 'Self devised card system', 'DCC and sound', 1, '', '', '', 'Jim', 'Vail', '831-423-7962', 'Afternoon (12:01pm -- 5:59pm)', 'akacoot@comcast.net', '760 Graham Hill Road', 'Santa Cruz', 'CA', '95060-1437', '', NULL),
(12, 'R012', 'Mystic Mountain Railroad', '', 'A back country shortline loosely set in the early 1900''s consisting of 1200'' of code 250 Nickel Silver track. The railroad can be run as a single large loop or two smaller loops, with several passing sidings, two small yards, six spurs, a wye and a reversing loop for turning trains, and many tunnels and bridges. The Mountain Division runs over rugged mountains and deep canyons, necessitating many steel bridges, tunnels, and a large, complex helix. A scratch built turntable/roundhouse is located at the North End yard in the Mountain Division. Trains can also be run point-to-point between the two yards. Trains are track and battery-powered, radio controlled using Train Engineer, and Revolution with SoundTraxx sound systems. Realistic train operations can be run for added interest. One unique feature is the use of concrete rock wall castings painted with artist acrylics. A panoramic view of Silicon Valley serves as a natural backdrop to the railroad. New are a custom mine/ore processing p', 'G', '', '', NULL, '', '', 'Garden, dual-oval', '', 'Radio', NULL, 'u', 'u', 'http://www.mysticmountainarts.com/MMRR/', 'Ray', 'Turner', '408-272-9234', 'Evening (6:01pm -- 9:59pm)', 'ray@mysticmountainarts.com', '10251 Kenny Ln', 'San Jose', 'CA', '95127', '', NULL),
(14, 'R014', 'Silicon Valley Lines', '', 'Founded in 1979, Silicon Valley Lines (SVL) is a freelance HO Scale Model Railroad Club located in San Jose, California. Construction of the current layout began in late 2000 and is located in the basement of an industrial building near downtown San Jose. The railroad occupies a 23'' x 72'' space, and is a multi-level design built using commercial steel C-channel as a benchwork system with over 600 feet of mainline. The upper level is a single-track division, while much of the lower level is double tracked. The layout features two large operating yards, as a well as ample hidden, yet accessible staging.\n\nWe operate using NCE DCC, and utilize Direct Traffic Control (DTC) operating rules.', 'HO', 'freelance', 'freelance', NULL, '72''x23''', '>600 feet', 'Multi-deck around the walls', 'DTC', 'DCC', NULL, 'y', 'n', 'http://www.siliconvalleylines.com', 'Eric', 'Eggel', '408-203-6910', 'Afternoon (12:01pm -- 5:59pm)', 'svl@siliconvalleylines.com', '148 E. Virginia Street', 'San Jose', 'CA', '95112', '', NULL),
(15, 'R015', 'South Bay Historical Railroad Society', '', 'SBHRS operates two model train displays, HO and N-scale layouts in the historic Santa Clara Depot (Opened in 1864). Both layouts include extensive signalling. Like many model railroads, they are works in progress and are undergoing constant change. Both layouts have many handcrafted scenes, such as a winery, dam, two helixes, row homes and a yacht harbor (N-scale) and meat packing, lumber mill, oil storage tanks, plus a replica of the San Jose Southern Pacific Depot, ca 1950 (HO-scale).\r\n\r\nScenery is about 90% complete on both layouts.', 'HO & N', 'Emphasis on SP, UP, ', 'Thru 1959; western s', '', 'HO: 15 x 80 ft. N: 1', 'HO: 200 ft. N: Up to', '', 'HO: two mainlines and point-to-p', 'HO: DCC. N: DCC and ', 5, '', '', 'http://www.sbhrs.org', 'Joe', 'Hoffmann', '408-296-7779', 'Morning (9:01am -- 11:59am)', 'johoff@ix.netcom.com', 'Santa Clara Caltrain Depot 1005 Railroad Avenue', 'Santa Clara', 'CA', '95050', '', NULL),
(16, 'R016', 'Tuolumne Forks', '', 'Scenery is complete and detailed. The railroad is a logging and tourist line with sawmills and a large hotel set in the Roaring Twenties. I also have an On30 limestone layout with kilns, a stave mill, and cooperage, above my workbench. There is also a collection of pioneer On3 models.', 'O On3 On30', 'freelance', 'Sierras in the Roari', '', '25 x34', '?', 'bent in loop', 'run trains around', 'CVP Easy DCC', 1, '', '', '', 'Bob', 'Brown', '650-948-9361', 'Morning (9:01am -- 11:59am)', 'gazette@att.net', 'Street address 985 Campbell Ave.', 'Los Altos', 'CA', '94024', '', NULL),
(17, 'R017', 'Cumberland West', '', 'Two railroads run side by side in western Maryland and northern West Virginia. Both railroads have major junctions in Cumberland and interchange traffic at several points. The B&amp;O has Color Position Light signals controled by five towers with touch-screen CTC panels. 30% Sceniced.', 'HO', 'B&O and Western Mary', 'Cumberland, MD 1953', '', '1200 Sq Ft', '180 ft each RR', 'One leval panorama - Single stag', 'B&O - double track towers Rule 2', 'Digitrax DCC, Tower ', 1, '', '', '', 'David', 'Parks', '650-961-7644', 'Morning (9:01am -- 11:59am)', 'bearwestern@comcast.net', '1281 Windimer Drive', 'Los Altos', 'CA', '94024-7116', '', NULL),
(18, 'R018', 'New York Central -- Valley Division', '', 'This large S scale layout represents the NYC in the Catskill Mountains in 1948.  Steam is resisting diesel pressure to retire early, but is losing the battle.  Hauling long freights and fast passenger trains over the mountainous terrain is a routine daily task on this layout.  Scenery is 95% complete with a detailed backdrop, huge mountains, tall waterfall, long bridges and an unusual lightning/thunderstorm animation.  Industrial areas include a coal mine, logging camp, sawmill, oil refinery and a city area.   Not only has Ed been featured in Great Model Railroads in 2005,  Model Railroader in November 2008,  Model Railroad Hobbyist Magazine in October of 2009 and NMRA Magazine in September 2010 his layout was part of PBS TV''s program TRACKS AHEAD. ', 'S Sn3', 'NYC and WSLCo.', '1948 in the Catskill', '', '20'' x 30''', '305''', 'Very Interesting', 'Yes....!!', 'DCC', 1, '', '', '', 'Edward', 'Loizeaux', '650-962-1577 *no', 'Morning (9:01am -- 11:59am)', 'Loizeaux@SBCGlobal.net', '2221 Via Maderos', 'Los Altos', 'CA', '94024-7113', '', NULL),
(19, 'R019', 'Sonora Pacific & Southern Pacific', '', 'HO/HOn3 layout depicting a California narrow gauge railroad interchanging with the Southern Pacific in the 1940''s thru 50''s. It is a series of scenes, each with its own theme, set apart effectively by scenic dividers. It features very fine rock work &amp; fantastic scenery. There are freelanced depictions of Los Angeles, Westside Lumber, &amp; a gold mine/mill complex.  Featured in Railroad Model Craftsman and in Narrow Gauge &amp; Short Line Gazette.', 'HO / HOn3', 'SP & Several Califor', '1940''s & 50''s Califo', '', '20''  X  20''', '80 ft.', 'Bent dog bone N.G.,  & bent figu', '', 'DC Radio Controlled', 1, '', '', 'http://fjohnlabarba.com/25401.html', 'F. John', 'LaBarba', '831-423-1109', 'Evening (6:01pm -- 9:59pm)', 'fjohnlab@earthlink.net', '741 Redwood Drive', 'Santa Cruz', 'CA', '95060', '', NULL),
(20, 'R020', 'D&RGW Durlin Branch', '', 'The Durlin Branch is a free-lance mountain branch line of the narrow gauge D&amp;RGW fourth division hauling general freight, coal, ore concentrates, livestock and passengers. The branch ties into the San Juan Extension mainline in Chama NM, with both Durango CO to the west and Alamosa CO to the east represented by staging. The Durlin branch line takes off from Chama and climbs a steady 3.8% grade through Cresco and Toltec Tunnel up to Carrumba where the line splits. One line continues on to Fritz Park, then descends a 4% grade through Resin Creek to Durlin. The other branch serves a large coal mine at Flint. Steam locomotives rule on the narrow gauge, serviced by an animated ashpit, water tanks and coal tower. The pace is relaxed as befits a low density traffic pattern with saw-bys, double headers and doubling the hill all in adays work. Scenery is 90+ % complete.', '1/4" = 1 ft ', 'D&RGW narrow gauge', '< 1936;Southwest Col', '', '17ft X 27ft', '120 ft', 'Point to Point, Double Deck, Wal', 'TT&TO, 4:1 fast clocks, CC&WB wi', 'DCC (Easy DCC, radio', 1, '', '', '', 'Dave', 'Adams', '408-244-1850', 'Evening (6:01pm -- 9:59pm)', 'dadamsc16@sbcglobal.net', '1464 Lamore Drive', 'San Jose', 'CA', '95130', '', 1),
(21, 'R021', 'D&ELP', '', 'The region is the area between Deming and El Paso, with Deming and El Paso represented. Interchanges with the BNSF are modeled in Deming and in El Paso. The SP crossing of the Rio Grande west of El Paso is depicted. The era is modern. Scenery is about 20% complete, perhaps a little more.', 'HO', 'SP', 'Modern, southern New', NULL, 'L shaped triple deck', '240 feet', 'Out and back, continuous loop, d', 'Car Card', 'DCC', NULL, 'n', 'y', '', 'Mark', 'Stearns', '831-899-3837', 'Evening (6:01pm -- 9:59pm)', 'steaks@juno.com', '1331 Waring Street', 'Seaside', 'CA', '93955', '', NULL),
(22, 'R022', 'Union Pacific in Niles Canyon', '', 'The layout is set in the East Bay Area in 1999. The railroad represents the former Western Pacific San Jose and 1st Subdivisions, now the UP Niles, Oakland and Milpitas Subdivisions. The railroad is a branchline which supports an Auto plant (NUMMI) and a number of smaller industries.\n\nDispatching is by TCS (using CATS) which replicates a Digicon console. All signals are repeated on color lite signals above the layout. A unique feature of the layout is that there is no yardmaster, only a clerk. This is because the prototype Milpitas Yard has no permanent switcher. The clerk is responsible for managing the yard and the neighboring NUMMI complex, writing switch lists to instruct the crews where to place cars. All crews do their own work when passing through the yard. We expect the layout to be 70% sceniced by AS X2011W', 'HO', 'Union Pacific', 'Spring 1999, East Ba', NULL, '12'' x 35''', '120 foot visible', 'Folded dogbone with staging', 'dispaching is CTC, car forwardin', 'NCE DCC Radio', NULL, 'n', 'n', 'http://www.bayrails.com/layouts2.php?m=neumann', 'Seth', 'Neumann', '650-965-4687', 'Afternoon (12:01pm -- 5:59pm)', 'sneumann@pacbell.net', '2712 Katrina Way', 'Moutain View', 'CA', '94040', '', NULL),
(23, 'R023', 'ATSF Coast Lines, Fourth District, Valley Division', '', 'HO Scale proto-freelanced extension of the Santa Fe in the early 1970s from the San Francisco Bay Area to Portland; modeled portion runs from the Central Valley town of Chico to McCloud just south of Mt. Shasta in a purpose-built 30'' x 49''room. Double deck point to point, mainline 85% complete with aprox. 550 feet of track in place, permanent track is all hand laid. 30% scenicked. Dispatcher; interlocking tower; large yard with two switch crews and yardmaster/hostler; small yard with a full time switcher; heavy duty freight with some passenger; local switching; branchline. Wireless NCE DCC; FRS radios; Track Warrants; car cards and waybills. 46"duck under to enter layout during session.', 'HO', 'Santa Fe', 'Early 1970s, between', NULL, '1240 sq ft, 30ft x 4', 'Approx 550ft', 'Double deck point-to-point walka', 'Track Warrants, Car Cards/Waybil', 'Wireless NCE DCC', NULL, 'n', 'y', '', 'Rick', 'Fortin', '408-266-7245', 'Morning (9:01am -- 11:59am)', 'rick-r@pacbell.net', '5305 Alan Ave', 'San Jose', 'CA', '95124', '', NULL),
(24, 'R024', 'ATSF&SP', '', 'Diesel to steam transition, heavy on steam. Emphasis on extreme detailing and smooth running. About 50% sceniced with generic Ca theme. Double track mainline, 6 track passenger station, 13 track yard, and 14 stall roundhouse with 18 garden track. Tsunami sound.', 'O Scale', 'Santa Fe and Souther', '1947-1951, genric Ca', NULL, '20'' X 40''', '110''', 'Double track loop with large yar', 'Basically just watching highly d', 'DCC', NULL, 'n', 'y', '', 'Gary', 'Schrader', '408-227-9491', 'Afternoon (12:01pm -- 5:59pm)', 'gs-sj@earthlink.net', '4201 Kingspark Drive', 'San Jose', 'CA', '95136', '', NULL),
(31, 'R031', '', '', '', '', NULL, NULL, '', '', NULL, NULL, NULL, '', 6, NULL, NULL, '', '', 'Briggs', '', '', '', '', 'Grass Valley', 'CA', '', '', NULL),
(37, 'R037', '', '', '', '', NULL, NULL, '', '', NULL, NULL, NULL, '', 6, NULL, NULL, '', 'Jeremy', 'Dumier', '', '', '', '', 'Plumas Lake', 'CA', '', '', NULL),
(38, 'R038', '', '', '', '', NULL, NULL, '', '', NULL, NULL, NULL, '', 6, NULL, NULL, '', '', 'Schmidt', '', '', '', '', 'Gold River', 'CA', '', '', NULL),
(56, 'R056', '', '', '', '', '', '', '', '', '', '', '', '', 6, 'N', 'N', '', '', 'Pashley', '', '', '', '', 'Granite Bay', 'CA', '', '', NULL),
(64, 'R064', '', '', '', '', NULL, NULL, '', '', NULL, NULL, NULL, '', 6, NULL, NULL, '', '', 'Asquaga', '', '', '', '', 'Reno', 'NV', '', '', NULL),
(66, 'R066', '', '', '', '', NULL, NULL, '', '', NULL, NULL, NULL, '', 6, NULL, NULL, '', '', 'Ede', '', '', '', '', 'Reno', 'NV', '', '', NULL),
(68, 'R068', '', '', '', '', NULL, NULL, '', '', NULL, NULL, NULL, '', 6, NULL, NULL, '', '', 'Campbell', '', '', '', '', 'Elk Grove', 'CA', '', '', NULL),
(72, 'R072', '', '', '', '', NULL, NULL, '', '', NULL, NULL, NULL, '', 6, NULL, NULL, '', '', 'Witzens', '', '', '', '', 'Elk Grove', 'CA', '', '', NULL),
(80, 'R080', '(Antioch Area Club)', '', '', '', '', '', '', '', '', '', '', '', 6, 'N', 'N', '', '', '', '', '', '', '', 'Antioch', 'CA', '', '', NULL),
(81, 'R081', 'Napa Model Railroad Club', '', 'The Napa Valley Northern is a north-south bridge route from Stockton, CA to Portland, OR competing with the SP Cascade Route and the WP-GN/BN Inside Gateway route. The layout itself is the trackage from the Port of Napa, CA north through the Napa Valley then through the Mayacmas Mountains past Clear Lake to Ukiah, CA. Many of the past and present industries of the Napa Valley region are included in the local freight collection/distribution system. Connecting with the AT&amp;SF/BNSF, SP and WP/UP through Stockton plus the BN/BNSF, GN, NP, MILW, and UP at Portland, the NVN hosts various eras of run-through trains from 1940-era steam freight and passenger through 1970-era pool power freights to 2000-era Amtrak and double-stack inter-modal trains.  The club was featured in Scale Rails in early 2004.', '', '', '', '', '', '', '', '', '', 6, 'N', 'N', '', ' ', ' ', '', '', '', '', 'Napa', 'CA', '', '', 1),
(82, 'R082', '(Richmond Area Club)', '', '', '', NULL, NULL, '', '', NULL, NULL, NULL, '', 6, NULL, NULL, '', '', '', '', '', '', '', 'Richmond', 'CA', '', '', NULL),
(83, 'R083', 'Crockett Model Railroad Society', '', 'The layout represents a portion of the original transcontinental railroad and old Southern Pacific Railroad running between Oakland, CA and Sparks, NV . The timeframe varies from the 1950''s to present, allowing both steam and diesel locomotives to be operated through time appropriate scenery on the layout. Notice that the mainline is double tracked allowing operators to swiftly run from destination to destination without stops at sidings to wait for trains to meet and pass. The track is constructed on three levels with two large helixes on opposite corners providing a connection. The &quot;mushroom style&quot; layout is narrow with long tabletops that are stacked like bunk beds. This design provides maximum linear track space without having unrealistic twists back and forth, an undesirable but typical characteristic of older &quot;spaghetti bowl&quot; designs. Code 100 track is used on the 1st level and helixes only, and Code 83 track is used on the rest of the layout. Nominal minimum track radius is 48 inches.  Maximum 2% grade is found on the helixes. The club consists of 50 members, is growing and  welcomes new members. The UP mainline passes adjacent to the club''s second floor location.', '', '', '', '', '', '', '', '', '', 6, 'N', 'N', '', '', '', '', '', '', '', 'Crockett', 'CA', '', '', 1),
(87, 'R087', 'Black Diamond Lines', '', '', '', NULL, NULL, '', '', NULL, NULL, NULL, '', 0, NULL, NULL, '', 'Antioch', '', '', '', '', '425 Fulton Shipyard Rd', 'Antioch', 'CA', '', '', NULL),
(88, 'R088', 'Union Pacific & Summit County RR', '', '', 'HO', NULL, NULL, '', '', NULL, NULL, NULL, '', 0, NULL, NULL, '', 'Phil', 'Gulley', '(530) 823-2627', '', '', '2475 Buena Vista Lane', 'Auburn', 'CA', '', '', NULL),
(89, 'R089', 'NWP', '', '', 'HO', NULL, NULL, '', '', NULL, NULL, NULL, '', 0, NULL, NULL, '', 'Richard', 'Batho', '(530) 644-0548', '', '', '2786 Alder Drive', 'Camino', 'CA', '', '', NULL),
(90, 'R090', '', '', 'The San Juan Railroad is built in O scale and features four different gauges, O Standard gauge, On2, On3 and On30 narrow gauges. The layout is set in Colorado and is dated in the 1920''s with mining as the primary theme. The main yard features both the standard gauge and the start of a 3'' line leading to the mountain division and a mining area where there is a 2'' mining line. At both ends there are several dual gauge turnouts. There is an area modeled after Georgetown loop with a similar high bridge and a Forks Creek area, named &quot;Spoon Brick&quot;. Locomotives are all steam pulling wood cars. Scenery is well along and the backdrop painting is about half done.', 'O On2 On3 On30', '', '', '', '', '', '', '', '', 1, 'N', 'N', '', 'Steve', 'Polkinghorn', '(530) 644-6945', '', '', '4221 Happy Hollow Ln', 'Camino', 'CA', '', '', NULL),
(91, 'R091', 'SP Black Butte Sub', '', '', 'HO', '', '', '', '', '', '', '', 'NCE', 6, 'N', 'N', '', 'Walt', 'Schedler', '(408) 431-1660', '', '', '1140 Third Street', 'Colusa', 'CA', '', '', NULL),
(92, 'R092', 'SP Prototype', '', '', '', NULL, NULL, '', '', NULL, NULL, NULL, '', 0, NULL, NULL, '', 'John ', 'Manley', '(650)270-6044', '', '', '1351 Parkhill Street', 'Colusa', 'CA', '', '', NULL),
(93, 'R093', '', '', '', 'O', NULL, NULL, '', '10 X 14', NULL, NULL, NULL, '', 0, NULL, NULL, '', 'Richard', 'Hosmer', '(530) 458-8965', '', '', '334 Market Street', 'Colusa', 'CA', '', '', NULL),
(94, 'R094', '', '', '', '', NULL, NULL, '', '', NULL, NULL, NULL, '', 0, NULL, NULL, '', 'Crockett', '', '', '', '', '645 Loring Avenue', 'Crockett', 'CA', '', '', NULL),
(95, 'R095', '', '', 'O Meter Gauge [Narrow Gauge] with a 288 foot main line and a small yard and branch line. The Main Line winds and loops through back yard. Track built with Code 148 and Code 160 rail.  Trains are Swiss Narrow Gauge &amp; Freeland Narrow Gauge Mining.', 'O meter', '', '', '', '', '', '', '', '', 1, 'N', 'N', '', 'Joel', 'Segel', '(916) 933-2038', '', '', '2067 Woodmar Dr', 'El Dorado Hills', 'CA', '', '', NULL),
(96, 'R096', 'Santa Fe Hereford Sub', '', 'The layout represents the 104 mile Hereford Subdivision of the Santa Fe from Clovis, NM. to Amarillo, TX in 1983.  The layout features one active junction as well as interchange with the Burlington Northern at Amarillo and was designed with prototype operations in mind.  The primary commodities transported include; TOFC, automobiles, grain, and manufactured goods.  Scenery is specifically patterned after the prototype where possible. An article on this layout appeared in the January 2011 Railroad Model Craftsman', 'HO', NULL, NULL, '', '', NULL, NULL, NULL, 'Digitrax', 1, NULL, NULL, '', 'Robert', 'Hoffman', '(916) 684-6759', '', '', '9479 Dunkerrin Way', 'Elk Grove', 'CA', '', '', NULL),
(97, 'R097', '', '', 'Greg''s layout depicts a Mid-western railroad and is being modeled in the 1948 to 1955 steam to diesel transition period. The layout is designed to support up to 4 trains running simultaneously and signaling of the layout is underway. One of the scenic features is a 10 foot wide valley with steel bridges and wood trestle work spanning it with a maximum height of 150 scale feet.', '', '', '', '', '', '', '', '', '', 1, 'N', 'N', '', 'Greg ', 'Austin', '(916) 670-6353', '', '', '9009 Tessara Ct', 'Elk Grove', 'CA', '', '', 1),
(98, 'R098', 'Oahu Sierra', '', '', 'HO', NULL, NULL, '', '20 X 44', NULL, NULL, NULL, 'DCC', 0, NULL, NULL, '', 'Bill', 'Eversault', '(916) 961-3675', '', '', '8219 Oahu Drive', 'Fair Oaks', 'CA', '', '', NULL),
(99, 'R099', 'Union Pacific - Columbia River Gorge', '', '', 'HO', NULL, NULL, '', '', NULL, NULL, NULL, '', 0, NULL, NULL, '', 'Tom', 'Weisgerber ', '(916) 985-7311', '', '', '213 Saddle Court', 'Folsom', 'CA', '', '', NULL),
(100, 'R100', '', '', '', 'AF', NULL, NULL, '', '', NULL, NULL, NULL, '', 0, NULL, NULL, '', 'Berry', 'Menges', '(209) 745-0465', '', '', '72 A Street', 'Gault', 'CA', '', '', NULL),
(101, 'R101', '', '', 'Terry''s freelanced HOn3 layout is based on D&amp;RGW and RGS equipment and locations. Features include sound equipped locomotives and nearly complete scenery. The modeled yard is based on Chama, Colorado and the layout includes a mirror image of Ophir, Co.', 'HOn3', '', '', '', '', '', '', '', '', 1, 'N', 'N', '', 'Terry', 'Schmidt', '(916) 903-7305', '', '', '1888 Levi Strauss Ct.', 'Gold River', 'CA', '', '', NULL),
(102, 'R102', '', '', 'The presently under construction freelance narrow gauge layouts are based on the logging and mining areas of the northwestern United States.<p/>\r\nThe HOn3 layout is a point-to-point design with three different starting locations. There are two logging sites and a mining district with six mines. Passing various rural stops the trains travel down hill to a lumber mill and town at a &quot;Dog Hole&quot; bay on the Pacific Ocean. One of the logging sites utilizes dual gauge track to allow the running of standard gauge geared locomotives. Both the HOn3 and Std gauge engines are serviced at the main yard and shops using a dual gauge turntable. Logs hauled on standard gauge equipment are not interchanged for shipment to the mill but &quot;dumped&quot; down a bluff similar to the prototypical operations at Caspar Lumber Co, in Mendocino, Ca. The mining district is modeled to represent activity during one of Nevada''s boom cycles. Grades to the mining and timber areas are steep, well over 10% on many sections. Trains are controlled by three wireless throttles using nine blocks and DC power. <p/>\r\nHoused in a separate room, Larry''s second layout represents a lush mountainous lumber and mining community. Beginning and ending in a yard, trains run on a half dog bone track plan through scenic timberlands of the coastal regions of Oregon and Washington. Trains are powered using Digitrax.\r\n', 'HOn3', '', '', '80%', '', '', '', '', 'Digitrax DCC', 1, 'N', 'N', '', 'Larry', 'Moll', '(916) 791-1507', '', '', '9217 Purdy Lane', 'Granite Bay', 'CA', '', '', NULL),
(103, 'R103', 'Sierra, Hetch Hetchy & Pickering', '', '', 'HO', NULL, NULL, '', '20 X 20', NULL, NULL, NULL, '', 0, NULL, NULL, '', 'Steve', 'O''Brien', '(530) 273-5366', '', '', '12156 Pine Crest Dr', 'Grass Valley', 'CA', '', '', NULL),
(104, 'R104', 'Union Pacific', '', 'Bill has constructed a  layout with a 300 foot long mainline, some branch lines and a few yards. The prototype is contemporary times of modern trains running on the Union Pacific over the Cascades in Oregon. This is a large layout with lengthy trains running well on steep grades and relatively tight curves.', 'HO', NULL, NULL, '', '', NULL, NULL, NULL, '', 1, NULL, NULL, '', 'Bill ', 'Horstmeyer', '(415) 971-1689', '', '', '76 Via La Cumbre', 'Green Brae', 'CA', '', '', NULL),
(105, 'R105', 'C&O Alleghany Sub', '', '', 'HO', NULL, NULL, '', '', NULL, NULL, NULL, '', 0, NULL, NULL, '', 'Andy', 'Schnur', '(925) 283-4476', '', '', '853 Solana Drive', 'Lafayette', 'CA', '', '', NULL),
(106, 'R106', 'Santa Fe', '', 'This HO layout features three main functions for viewers to see; passenger train service and operations, logging and milling representation, and lumber and mining operations. Lumber Mill Company is named &quot;Falling Timber Lumber Co.&quot; The mine name is &quot;Cash Mine Operations&quot;. The owner and modeler''s motto is: ''The Unlimited possibilities of a free lancing layout and limitless use of imagination to recreate Real Life.''  Both analog and digital.  Special &quot;bonus feature&quot; in the backyard.', 'HO G', '', '', '', '11 X 20', '', '', '', 'Both analog and digital', 1, 'N', 'N', '', 'Hugo', 'Solano', '(916) 543-9868', '', '', '2777 Black Hawk Lane', 'Lincoln', 'CA', '', '', NULL),
(107, 'R107', '', '', 'This G Scale layout has several draw and lift bridges running throughout the interior of Sandy''s home.  Computerized automation control is run from a laptop and routes are forwarded and digitally choreographed.  Computer controlled speed by detecting analog voltage through I/O cards.  Runs from staging in family room down the hallway, through the kitchen, and back into staging.  Is a must-see for modelers interested in electronic train forwarding.  Analog DC.', 'G', '', '', '', '', '', '', '', 'Analog DC', 1, 'N', 'N', '', 'Sandy', 'Wilson', '(916) 434-8593', '', '', '1738 Gingersnap Lane', 'Lincoln', 'CA', '', '', NULL),
(108, 'R108', 'Harper Valley', '', 'Don''s aptly named Harper Valley is a freelanced, fully sceniced bi-level Sn3 layout.  Don says he builds what likes.  And we like what he builds , especially his fifty plus scratch built structures.  The Harper Valley has been seen in Model Railroading in March 1988, Model Railroad Craftsman in April 1990 and June 2004, 3/16 Scale Model Railroading in June 1991, Great Model Railroads in 1999 and Narrow Gauge Gazette in April 2004.', 'Sn3', '', '', '', '', '', '', '', '', 1, 'N', 'N', '', 'Don', 'Harper', '(925) 447-0902', '', '', '1091 Essex Street', 'Livermore', 'CA', '', '', 1),
(109, 'R109', '', '', 'Arden''s large 40x40 layout is designed to pull long forty car Union Pacific trains behind Big-Boys, Challengers and Turbines between Laramie, WY and Sherman Hill.  His large mountain scenery runs from 48 to 88 inches in height and is geographically correct for the line he models.   This layout has a double tracked main, with 1% grades and center passing sidings.    Arden''s layout can run either DC or DCC.', 'S', '', '', '', '40x40', '', '', '', 'DC or DCC', 1, 'N', 'N', '', 'Arden', 'Goehring', 'none available', '', '', '12635 Tokay Colony Rd', 'Lodi', 'CA', '', '', NULL),
(113, 'R113', '', '', '', 'HO', '', '', '', '', '', '', '', '', 6, 'N', 'N', '', 'Ray', 'Price', '(209) 966-5168', '', '', '5429 Carleton Road', 'Mariposa', 'CA', '', '', NULL),
(115, 'R115', 'Midland Rockies and Western', '', '', 'HO', NULL, NULL, '', '10 X 13', NULL, NULL, NULL, '', 0, NULL, NULL, '', 'Bob ', 'Wirthlin', '(925) 228-8940', '', '', '187 Blue Canyon Way', 'Martinez', 'CA', '', '', NULL),
(116, 'R116', 'Sierra RR', '', 'This three level HO layout of the Sierra Railroad in the 1920''s is only 25% sceniced as of this writing. Why? Because Glenn did what we all dream about -  tore down a wall and more than doubled the size of the layout. The part that is complete is highly accurate as to the prototype and we expect the percentage will be much higher come tour time. In addition to the layout, you will want to see Glenn''s room for visiting grandchildren: an indoor replica of a 1923 vintage caboose, complete with cupola, bunk beds and coal stove.', 'HO', '', '', '25%', '12 X 50', '', '', '', 'EZ DCC', 3, 'N', 'N', '', 'Glenn', 'Sutherland', '(209) 742-6131', '', '', '5090 Chamberlain Road', 'Midpines', 'CA', '', '', NULL),
(117, 'R117', '', '', 'Not too long ago, Les acquired a neighboring room for his railroad to expand and evolved a mature, nearly complete model of a Sierra inspired railroad into a very strong representation of much of the Sierra Railroad.  The trackage grew from approx. 150 ft to approx. 350 ft of main line, and the railroads  4 or 5 regular operators gained a heightened sense that they are repeating history on the Sierra Railroad.  Les'' layout has areas of interest to almost all visitors.', 'HO', '', '', '', '', '', '', '', '', 1, 'N', 'N', '', 'Les', 'Gregory', '(209) 522-1120', '', '', '1413 Glenwood Court', 'Modesto', 'CA', '', '', NULL),
(118, 'R118', '', '', 'An HO scale Shortline steam railroad set in 1927, Tom''s Wolf Creek Railway of California is. Located in the foothills of California.  He has many scratch built structures,  wooden truss rod cars and a few custom built brass locomotives following Sierra Railway prototypes.  Tom has a strong interest in operations using JMRI''s (DecoderPro) switch list program.  His point to point design, interchanges with his son''s Buffalo Creek &amp; Grizzley Ridge Railway, another small point to point layout. Some dual gauge trackage. Above the Wolf Creek HO layout is the start of an HOn3 layout, the Nevada County Narrow Gauge Railroad (Nevada City, track only no scenery) All in all this is an HO scale empire, short trains battling steep grades, floods, fights, Indian raids and sometimes not being able to leave the station at all.', 'HO HOn3', '', '', '', '', '', '', 'JMRI operations', '', 1, 'N', 'N', '', 'Tom', 'Milam', '(209) 522-5649', '', '', '712 Kazmir Court', 'Modesto', 'CA', '', '', NULL),
(119, 'R119', 'Morada Belt', '', 'Dave''s Morada Belt is HO scale, set in the 1950s with 360 feet of mainline (not all of it installed yet) as well as a 35-foot branch line (yet to be installed).  Track is commercial code 83 and code 70, a &quot;point to loop&quot; design with 30&quot; minimum radius on the main track, one staging and two working yards.  The main yard is still under construction. Scenery ranges from Tehachapi-style semi-arid to sandstone cliffs (reminiscent of Eagles Nest, Montana on the Milwaukee Road) to the Sierra Nevada foothills.  Backdrops were painted by noted artist and book author John Signor. It is a trackage-rights operated bridge line used by several of the large western carriers of the 1950s, utilized when their own corridors are congested.  This is a model railroad designed by a real-life railroader for operating sessions, without sacrificing the scenic beauty of the west.', 'HO', '', '', '', '20 X 20', '', '', '', '', 1, 'N', 'N', '', 'Dave', 'Stanley', '(209) 985-8928', '', '', '4916 Ridgewood Court', 'Morada', 'CA', '', '', NULL),
(120, 'R120', '', '', '', '', NULL, NULL, '', '', NULL, NULL, NULL, '', 0, NULL, NULL, '', 'Napa ', '', '', '', '', '575 Third Street', 'Napa', 'CA', '', '', NULL),
(121, 'R121', '', '', '', 'O', NULL, NULL, '', '', NULL, NULL, NULL, '', 0, NULL, NULL, '', 'Gordon', 'Briggs', '(530) 273-9145', '', '', '13371 Mystic Mine Rd', 'Nevada City', 'CA', '', '', NULL),
(122, 'R122', '', '', '', 'N', NULL, NULL, '', '', NULL, NULL, NULL, '', 0, NULL, NULL, '', 'Kent', 'Williams', '(530) 470-2377', '', '', '14618 Tylor Foote Rd', 'Nevada City', 'CA', '', '', NULL),
(123, 'R123', 'Yosemite Valley RR', '', '', 'HO', NULL, NULL, '100%', '', NULL, NULL, NULL, '', 2, NULL, NULL, '', 'Jack', 'Burgess', '(510) 797-9557', '', '', '36129 Sandlewood Dr', 'Newark', 'CA', '', '', NULL),
(124, 'R124', '', '', '', 'HO', NULL, NULL, '', '', NULL, NULL, NULL, '', 0, NULL, NULL, '', 'Jim', 'Dias', '(510) 793-0968', '', '', '5311 Surry Court', 'Newark', 'CA', '', '', NULL),
(125, 'R125', 'Southern Pacific', '', '', 'HO', NULL, NULL, '', '', NULL, NULL, NULL, '', 0, NULL, NULL, '', 'Otis', 'McGee', '(510) 482-4261', '', '', '5708 Balmoral Drive', 'Oakland', 'CA', '', '', NULL),
(126, 'R126', 'Petaluma Valley', '', '', 'HO', NULL, NULL, '', '20 X 40', NULL, NULL, NULL, '', 0, NULL, NULL, '', 'Angus', 'McDonald', '(707) 778-1595', '', '', '1081 Eastman Lane', 'Petaluma', 'CA', '', '', NULL),
(127, 'R127', 'Western Pacific ', '', '', 'HO', NULL, NULL, '90%', '12 X 30', NULL, NULL, NULL, '', 0, NULL, NULL, '', 'Ernie', 'Simard', '(707) 762-9163', '', '', '1920 Turtle Creek Way', 'Petaluma', 'CA', '', '', NULL),
(128, 'R128', '', '', '', 'HO', NULL, NULL, '', '', NULL, NULL, NULL, '', 0, NULL, NULL, '', 'Verne', 'Alexander', '(707) 763-9072', '', '', '907 Grouse Lane', 'Petaluma', 'CA', '', '', NULL),
(129, 'R129', 'New York Central', '', '', 'HO', NULL, NULL, '15%', '16 X 24', NULL, NULL, NULL, 'Analog', 2, NULL, NULL, '', 'Chuck', 'Orastik', '(510) 420-1144', '', '', '1364 Oakland Ave', 'Piedmont', 'CA', '', '', NULL),
(130, 'R130', 'Chicago and Mackinac', '', '', 'HO', '', '', '', '', '', '', '', '', 1, 'N', 'N', '', 'Bob', 'Osborn', '(925) 484-4136', '', '', '5595 Corte Sonora', 'Pleasanton', 'CA', '', '', NULL),
(131, 'R131', 'Lone Pine & Tonopah', '', '', 'multiple', NULL, NULL, '', '', NULL, NULL, NULL, '', 0, NULL, NULL, '', 'Kermit', 'Paul', '(925) 935-1859', '', '', '15 Boies Ct', 'Pleasant Hill', 'CA', '', '', NULL),
(132, 'R132', 'California Oregon & Western', '', '', 'HO', NULL, NULL, '', '', NULL, NULL, NULL, '', 0, NULL, NULL, '', 'Dennis', 'Drury', '(916) 747-2313', '', '', '2061 Wilcox Ranch Rd', 'Plumas Lake', 'CA', '', '', NULL),
(133, 'R133', 'California Central', '', '', 'HO', NULL, NULL, '', '', NULL, NULL, NULL, '', 0, NULL, NULL, '', 'Ron', 'Kerkes', '(916) 638-5601', '', '', '10318 Westwood Ct', 'Rancho Cordova', 'CA', '', '', NULL),
(134, 'R134', 'Denver Rio Grand Western', '', '', 'HO', '', '', '', '', '', '', '', '', 6, 'N', 'N', '', 'Jim', 'Perto', '(775) 852-5636', '', '', '14580 Grey Rock Rd', 'Reno', 'NV', '', '', NULL),
(135, 'R135', 'SP and WP', '', '', 'HO', '', '', '', '', '', '', '', '', 6, 'N', 'N', '', 'Jim', 'Price', '(775) 825-2299', '', '', '14795 Toll Road', 'Reno', 'NV', '', '', NULL),
(136, 'R136', 'Tonopah & Goldfield', '', '', 'HO', '', '', '', '', '', '', '', '', 6, 'N', 'N', '', 'Nevin', 'Wilson', '(775) 473-6460', '', '', '1915 Dakota Ridge Rd', 'Reno', 'NV', '', '', NULL),
(137, 'R137', '', '', '', '', NULL, NULL, '', '', NULL, NULL, NULL, '', 0, NULL, NULL, '', 'Richmond', '', '', '', '', '900 Dorman Drive', 'Richmond', 'CA', '', '', NULL),
(138, 'R138', '', '', 'A freelanced layout with an emphasis on tongue and cheek humor based on 28 plus years of prototype railroad experience. The Time frame is 1960''s to 1970''s. The layout is on two levels and includes industrial areas, logging and desert scenery. There is a continuous loop with islands for industries. Mile uses a computer generated switch list for operating sessions.', 'HO', '', '', '', '', '', '', '', '', 1, 'N', 'N', '', 'Mike', 'McReynolds', '(209) 869-3251', '', '', '6242 High Mesa Way', 'Riverbank', 'CA', '', '', NULL),
(139, 'R139', 'Southern Pacific Rocklin Sub', '', 'This fully sceniced &quot;Rocklin Subdivision&quot; layout features a double deck design with reverse loop staging yards at both ends.  Soundtraxx Tsunami sound decoders fill the room with realistic prime movers and SP light packages.  The layout was designed both for operations and long passenger trains. The impressive passenger terminal is home to many western name trains.  Focuses on the transition era.  Digitrax DCC.  Dave''s layout was featured in NMRA Magazine December 2010.', 'HO', '', '', '', '', '', '', '', 'Digitrax DCC', 1, 'N', 'N', '', 'Dave', 'Houston', '(916) 533-3135', '', '', '4508 Scenic Drive', 'Rocklin', 'CA', '', '', NULL),
(140, 'R140', '', '', 'Red Rock Green River is a freelance layout loosely based on the D&amp;RGW maintenance yard in Chama NM, RGS and the Silverton branch canyons of the San Juan mountains. Bill''s layout consists of an over and under lazy eight with walk into the center and has muultiple animations with ambient sound and lighting.  This layout was featured in the 2009 On30 Annual', 'On30', '', '', '', '', '', '', '', '', 1, 'N', 'N', '', 'Bill', 'Iwan', '(916) 435-3100', '', '', '1103 Sedona Way', 'Rocklin', 'CA', '', '', NULL),
(141, 'R141', '', '', '', 'HO', NULL, NULL, '', '', NULL, NULL, NULL, '', 0, NULL, NULL, '', 'Dave', 'Clemmens', '(916) 784-3104', '', '', '4318 Sandhurst Way', 'Rocklin', 'CA', '', '', NULL),
(142, 'R142', '', '', '', 'N', NULL, NULL, '', '', NULL, NULL, NULL, '', 0, NULL, NULL, '', 'Mitch', 'Valder', '(916) 784-8658', '', '', '7029 Pembroke Way', 'Rocklin', 'CA', '', '', NULL),
(143, 'R143', 'Southern Pacific Third & Townsend', '', 'The Southern Pacific Third and Townsend St. Depot located in San Francisco has been replicated by award-winning SP Prototype Modeler Mark Brown.  Mark has replicated the depot, platform tracks, and the fourth street tower in his garage.  The diorama is almost to scale and features custom double slip switches and crossovers to match SP prototype.  All structures built so far are completely scratch built.  Digitrax DCC.', 'HO', NULL, NULL, '', '', NULL, NULL, NULL, 'Digitrax DCC', 1, NULL, NULL, '', 'Mark', 'Brown', '(916) 872-8499', '', '', '101 Roadrunner Court', 'Roseville', 'CA', '', '', NULL),
(144, 'R144', 'Western Pacific', '', '', 'N / S', NULL, NULL, '', '', NULL, NULL, NULL, '', 0, NULL, NULL, '', 'Aaron', 'Splawn', '(916) 781-6720', '', '', '2216 Thornton Dr', 'Roseville', 'CA', '', '', NULL),
(145, 'R145', '', '', '', '', NULL, NULL, '', '', NULL, NULL, NULL, '', 4, NULL, NULL, '', 'Roseville', '', '', '', '', '800 All American City Blvd', 'Roseville', 'CA', '', '', NULL),
(146, 'R146', 'American River Navigation & Railway', '', 'The American River Navigation and Railway is a home railroad that is 1" scale, or 1/12 size. It is a rideable railroad that performs work for Matt moving firewood, landscape materials, and of course his two boys. The 4 3/4" gauge track winds from the front yard to the back with many sidings. A branch-line goes over to the neighbor''s yard (a relative) and skirts the pool to a fruit-packing shed where fresh oranges are loaded in the winter. The layout is laid out roughly like a self-type switching layout, except folded over on itself twice. The railroad uses battery-powered GP9s, freelance 4-wheeled switchers, and steam locomotives to switch the 430'' long railroad. You are also welcome to visit the railroad''s machine shop where repairs are done and new locomotives built. An article on the layout was published in the Summer 2006 issue of The Home Railway Journal.', 'HO', NULL, NULL, '', '', NULL, NULL, NULL, '', 1, NULL, NULL, '', 'Matt ', 'Mason', '(916) 812-0055', '', '', '9475 Mira Del Rio Dr', 'Sacramento', 'CA', '', '', NULL),
(147, 'R147', 'BNSF and UP', '', '', 'HO', NULL, NULL, '', '', NULL, NULL, NULL, '', 0, NULL, NULL, '', 'Hal ', 'Hedrich', '(916) 443-6342', '', '', '5508 Dorset Way', 'Sacramento', 'CA', '', '', NULL),
(148, 'R148', 'Sacramento Northern Beltline', '', 'Bill''s Sacramento Belt Line portrays Sacramento Northern Railway''s industrial belt line within the city of Sacramento, California, during the period of 1953-1965, set in the high summer peak harvest/canning season.. Operation focuses on industrial switching and interchange between multiple Class I railroads (Southern Pacific and Western Pacific), using a modified &quot;wheel report&quot; operation scheme. Scenery is urban/suburban, running between heavy industrial areas and tree-lined residential neighborhoods. Industries are primarily agricultural processing (canning, almonds, dairy, lumber milling, grain milling) and interchange between railroads, warehouses, trucks and riverboats/barges.  Motive power consists of small diesel-electric switching locomotives operating on city streets and tight curves, formerly electric interurban right-of-way. The railroad is freight-only, aside from occasional chartered fan trips. Scale is HO, standard gauge, set up as a point-to-point shelf layout that will eventually circle the room entirely.', 'HO', '', '', '', '', '', '', '', '', 1, 'N', 'N', '', 'Bill', 'Burg', '(916) 446-1374', '', '', '1614 23rd Street', 'Sacramento', 'CA', '', '', NULL),
(149, 'R149', 'Western Pacific First Sub', '', '', 'HO', NULL, NULL, '', '20 X 40', NULL, NULL, NULL, '', 0, NULL, NULL, '', 'Dave', 'Arrol', '(916) 548-5680', '', '', '8091 Paint Way', 'Sacramento', 'CA', '', '', NULL),
(150, 'R150', '', '', '', '', NULL, NULL, '', '', NULL, NULL, NULL, '', 0, NULL, NULL, '', '26th Street', '', '', '', '', '1019 26th Street', 'Sacramento', 'CA', '', '', NULL),
(151, 'R151', 'Sacramento Model Railroad Historical Society', '', 'The Sierra Central Narrow Gauge is a loop to loop railroad with several branches connecting lumber camps, mines, and oil fields to the mainline.  The railroad''s location is freelanced, but scenes are themed around prototypes such as the East Broad Top Orbisonia Shops, Southern Pacific Narrow Gauge Owenyo Transfer Trestle, and Westside Lumber Camp 7.  With most scenes finished and detailed, the layout is in full operation.  The main isle of the layout is handicapped accessible. This is one of the largest Hon3 layouts in California.', 'HOn3', '', '', '', '', '', '', '', 'Digitrax', 5, 'N', 'N', '', ' ', 'SMRHS', '', '', '', '1990 Grand Avenue', 'Sacramento', 'CA', '', '', NULL),
(152, 'R152', '', '', '', '', NULL, NULL, '', '', NULL, NULL, NULL, '', 0, NULL, NULL, '', 'Ralph', 'Merrill', '', '', '', '', 'Sacramento', 'CA', '', '', NULL),
(153, 'R153', 'Nicasio Northerm Railway', '', '', 'HO', NULL, NULL, '', '12 X 21', NULL, NULL, NULL, 'Digitrax', 0, NULL, NULL, '', 'Jon', 'Schmidt', '(415) 342-1097', '', '', '542 San Pedro Cove', 'San Rafael', 'CA', '', '', NULL),
(154, 'R154', '', '', 'An outdoor G Scale Garden Railroad with two train operation on a single main line utilizing both battery power with AirWire control and conventional track power. A full-scale Watchman''s shanty serves as the operations center and provides a home for out-of-service equipment. Due the success of the local gold mine in the early 1900''s, the town of Loganville has grown rapidly with new commerce and industry.  Winding its way through tunnels and canyons and across scratch built bridges spanning rivers with cascading waterfalls, the OS&amp;F RR provides both passenger and freight services as it travels over the rugged terrain of the California foothills. The scratch built HOTEL SISTERS overlooks the town and provides guests with vistas of the MOCO mining activities. Many other building are scratch built complete with lighted interiors. An outfitters cabin, located in the heavily forested landscape, provides services for hunters.<p/>\r\nIn addition to the main line, the mining operations feature both ''O'' and HO gauge trains to transport ore from the mines to the stamp mill. Limited handicap access (stairs).\r\n', 'G', '', '', '', '', '', '', '', 'AirWire', 1, 'N', 'N', '', 'Dart', 'Rinefort', '(415) 453-4371', '', '', '101 Wimbleton Way', 'San Rafael', 'CA', '', '', NULL),
(155, 'R155', '', '', 'This is a double decked switching layout deep in the urban jungle of Boston in 1974 that Paul  based on the Penn-Central. The concept is to provide a switching experience with the curves and obstacles typical of urban switching, while trying to represent the city in a true urban context, buildings that are not simple rectangles, roads and trackage crossing and overlapping, and blocked sight lines. There is no main line here to speak of, and as a result Paul enjoys complicated and lengthy op sessions. Entirely code 83, Paul is slowly converting to hand laid turnouts as he moves to a premier standard of reliability and appearance. All of the structures are scratchbuilt or kitbashed, some reside on the layout but not all are complete yet.', 'HO', NULL, NULL, '', '', NULL, NULL, NULL, '', 1, NULL, NULL, '', 'Paul', 'Weiss', '(415) 497-5590', '', '', '40 Inverness Drive', 'San Rafael', 'CA', '', '', NULL),
(156, 'R156', 'State Belt RR', '', 'The State Belt ran for 100 years along piers and into warehouses of the San Francisco waterfront. Bill has taken important elements like a car float, interchange at King St. (where the Giants play today), street running, and switching areas under Telegraph Hill and built them into a 12'' x 12'' layout using interesting modular techniques. Operations follow the prototype State Belt with 2 crews each working their own division. The railroad is totally functional, and signature buildings like the Ferry Building and Merchants Ice and Cold Storage are being worked on. Control is Lenz DCC with wireless throttles. The State Belt was written up in the April 2007 <i>Railroad Model Craftsman</i>. ', 'HO', NULL, NULL, '', '', NULL, NULL, NULL, '', 1, NULL, NULL, '', 'Bill', 'Kaufman', '(415) 491-0542', '', '', '32 Salvador Way', 'San Rafael', 'CA', '', '', NULL),
(157, 'R157', '', '', '', 'HO Fn3', NULL, NULL, '100%', '', NULL, NULL, NULL, '', 2, NULL, NULL, '', 'Dave', 'Connery', '(925) 735-0134', '', '', '3408 Lanai Drive', 'San Ramon', 'CA', '', '', NULL),
(158, 'R158', 'NWP', '', '', 'HO', NULL, NULL, '', '', NULL, NULL, NULL, '', 0, NULL, NULL, '', 'Ed', 'Merrin', '(707) 542-3620', '', '', '2115 E. Foothill Dr', 'Santa Rosa', 'CA', '', '', NULL),
(159, 'R159', 'Whyskeytown & Shasta rinity Southern', '', '', 'HO', NULL, NULL, '', '', NULL, NULL, NULL, '', 0, NULL, NULL, '', 'Steve', 'Skold', '(707) 539-1782', '', '', '5306 Yerba Buena Road', 'Santa Rosa', 'CA', '', '', NULL),
(160, 'R160', '', '', '', 'HO', NULL, NULL, '', '', NULL, NULL, NULL, '', 0, NULL, NULL, '', 'Dave', 'Croshere', '(707) 829-9230', '', '', '1331 Enos Avenue', 'Sebastopol', 'CA', '', '', NULL),
(161, 'R161', '', '', '', 'HO / G', NULL, NULL, '', '', NULL, NULL, NULL, '', 0, NULL, NULL, '', 'Raymond', 'Fernandes', '(916) 642-0115', '', '', '421 Ashland Court', 'Shingle Springs', 'CA', '', '', NULL),
(162, 'R162', 'Steve''s Western Pacific Railroad', '', 'Layout covers from San Francisco to Salt Lake City with Reno and Tidewater branches. Fully signal with CTC.  Computer generated waybill system. 1970 era. 4 large yards. 9 passing sidings. All diesel power. Includes prototypically correct scratch built models of the Oakland and Salt Lake depots (Salt Lake was featured  in MR trackside photo section).', 'HO', '', '', '50%', '30 X 56', '', '', '', 'Chubb w/ infared throttles', 2, 'N', 'N', 'http://members.bigvalley.net/norma', 'Steve', 'Hayes', '(209) 536-1847', '', '', '16241 Fleetwood Street', 'Sonora', 'CA', '', '', 1),
(163, 'R163', 'Pacific Traction & Harbor Terminal RR', '', '', 'HO&O', '', '', '', '', '', '', '', '', 6, 'N', 'N', '', 'Charlie', 'Lix', '(775) 742-7366', '', '', '315 Fodrin Way', 'Sparks', 'NV', '', '', NULL),
(164, 'R164', 'Tidewater Southern', '', '', '', NULL, NULL, '', '', NULL, NULL, NULL, '', 0, NULL, NULL, '', 'Stockton', '', '', '', '', 'San Joaquin Co. Fair', 'Stockton', 'CA', '', '', NULL),
(165, 'R165', 'Santa Cruz Northern', '', 'Jim''s Santa Cruz Northern is a point to point, double deck, walk around style layout that shares a two car garage with a compact car.  The SCN is single track with about 240 feet of mainline, of which 45 feet is in a three level helix.  The maximum grade is 2 and 1/4%; minimum mainline radius is 26. The SCN is a jointly owned Western Pacific / Santa Fe subsidiary, running from a connection with the WP in San Jose California south to Santa Cruz on the Pacific Coast.  As such it shares many of the characteristics of similar lines in the area such as the Central California Traction Company or the Northwestern Pacific.  Five major sidings have been extended to average 15 feet in length. All of the visible mainline and most of the switches are hand laid. Set in the early 1970''s, motive power is either second hand or leased, quite often from the parent roads.  Traffic has traditionally centered around industrial products in San Jose, agricultural products from the Santa Clara Valley and wood products and cement from the Santa Cruz Mountains.  The layout has appeared in numerous model railroad magazines most recently in the March 2010 issue of Railroad Model Craftsman.', 'HO', '', '', '', '', '', '', '', '', 1, 'N', 'N', '', 'Jim', 'Providenza', '(415) 472-6715', '', '', '16 Drakes Court', 'Terra Linda', 'CA', '', '', NULL),
(166, 'R166', 'Western Pacific Third Sub', '', '', 'HO', NULL, NULL, '', '', NULL, NULL, NULL, '', 0, NULL, NULL, '', 'Steve', 'Cavanaugh', '(209) 835-9371', '', '', '1245 Palomino Road', 'Tracy', 'CA', '', '', NULL),
(167, 'R167', 'Sierra Railroad', '', 'Multi - deck layout with over 10 scale miles of Sierra Railroad mainline trackage plus Interchanges with SP and ATSF in Oakdale, Pickering Lumber Co at Standard, WSLCo in Tuolumne and the Hetch Hetchy RR at Hetch Hetchy Jct. Prototypical operations based on 1955 prototype. Base scenery is about 90% done with some finished scenery. Most structures are in place. Layout designed for operations.', 'HO HOn3', '', '', '50%', '22 X 65', '', '', '', 'Easy DCC', 2, 'N', 'N', 'http://www.sierrarailroad55.com', 'John', 'Zach', '(209) 625-5609', '', '', '17921 Bononza Dr.', 'Twain Harte', 'CA', '', '', 1),
(168, 'R168', 'Diablo Valley Lines', '', '', '', NULL, NULL, '', '', NULL, NULL, NULL, '', 4, NULL, NULL, '', 'Walnut Creek', '', '', '', '', '2751 Buena Vista Ave', 'Walnut Creek', 'CA', '', '', NULL),
(169, 'R169', '', '', '', 'N', NULL, NULL, '', '', NULL, NULL, NULL, '', 0, NULL, NULL, '', 'club', 'Carnegie Museum', '', '', '', '', '', '', '', '', NULL),
(170, 'R170', '', '', '', '', NULL, NULL, '', '', NULL, NULL, NULL, '', 0, NULL, NULL, '', 'Paul', 'Claffey', '', '', '', '', '', '', '', '', NULL),
(171, 'R171', '', '', 'Scott''s freelanced &quot;Never Done and Always Changing&quot; railroad moves freight, passengers and various commodities from the mountains to the sea.  His layout includes fully detailed mountain scenery, small towns, and a port city, with emphasis on scenery and structures. Lots of details and mini-scenes are worked in around the layout. Simple loop track plan using code 100 PECO On30 track.  Digitrax DCC.  Scott was featured in the Nov-Dec 2010 Narrow Gauge Gazette and the 2011 On30 Annual.', 'On30', '', '', '', '', '', '', '', 'Digitrax DCC', 1, 'N', 'N', '', 'Scott', 'Robertson', '', '', '', '', '', 'CA', '', '', NULL),
(172, 'R172', '', '', '', 'N', NULL, NULL, '', '', NULL, NULL, NULL, '', 0, NULL, NULL, '', 'club', 'Roseville ', '', '', '', '', 'Roseville', 'CA', '', '', NULL),
(173, 'R173', '', '', 'This is an HO scale layout that centers in The Dalles, Oregon running both East and West from that point. It is a single track railroad with passing sidings. All trains running from The Dalles wind their way into the hidden staging area located directly under the yard at The Dalles. While not specifically sceniced for the prototype, place names are taken from the area modeled. Industries along the way include a large lumber mill with its own railroad climbing into the forest, an oil refinery, a rock quarry, and a rail barge load out. Most scenes are highly detailed and extra care has been put into making sure most structures are lit and have interior detail such as the saw mill and log pond. Errol''s layout focuses on the transition era.  NCE DCC.', 'HO', '', '', '', '', '', '', '', 'NCE DCC', 1, 'N', 'N', '', 'Errol', 'Spangler', '', '', '', '', '', 'CA', '', '', NULL),
(174, 'R174', 'East Bay Model Engineers Society', '', 'The East Bay Model Engineers Society / Golden State Model Railroad Museum is home to three large layouts in O/HO/N scales with broad curves and long trains in a warehouse-sized building.  All three layouts can operate on either DC or DCC and the club has been featured in Model Railroader magazine. Each of the layouts makes use of the high ceilings in the building to provide majestic mountain scenes.\r\n<p/>\r\nThe HO/Hon3/ HO Point Richmond &amp; Truckee features prototype based familiar places including Oakland, Sacramento, Roseville, Elvas Wye, Martinez, Colfax, and Truckee.  Tracks gain over 6 feet in elevation as they move from the San Francisco Bay to the Sierra Mountains.  Prominent features include Oakland Mole, Oakland 16th St. station, Elvas Wye, and in the Sierras; Long Ravine Bridges, snow sheds and the Chinese Wall.  Trains 20'' in length and more are common sights. \r\n<p/>\r\nThe N scale  (no name) layout  features the SP in Sacramento yard and icing docks, Tehachapi Loop, and magnificent snow-capped Sierra Nevada mountains.  \r\n<p/>\r\nThe O/On3 (no name) is a more free lanced layout and features long mountain bridges, a mine scene and trains which are over 40'' long are common!\r\n', 'HO HOn3 N O', '', '', '', '', '', '', '', '', 1, 'N', 'N', '', '', '', '', '', '', '', '', 'CA', '', '', 1),
(175, 'R175', '', '', 'The Vallejo Valley RR features Western California 1880-1930 with mining &amp; lumber industries along with cattle and sheep, orchards and vineyards - a small agricultural town servicing local California industry. Many scratch built, kit and kit bashed structures including all of those made by Railroad Avenue are on Frank''s railroad.', '', '', '', '', '', '', '', '', '', 1, 'N', 'N', '', 'Frank', 'Schwarb', '', '', '', '', '', 'CA', '', '', NULL),
(176, 'R176', '', '', 'This is a lushly landscaped railroad built in a 30 year old Japanese style garden. Both full size and Dwarf Trees are nicely trimmed. Water features include a large Koi pond and two separate waterfalls built by Jack Verducci. Live steam trains start at a waist-high steam-up bay and run over 14 highly detailed bridges.', '', NULL, NULL, '', '', NULL, NULL, NULL, '', 1, NULL, NULL, '', 'Richard', 'Murray', '', '', '', '', '', 'CA', '', '', NULL),
(177, 'R177', '', '', 'This 12 year old railroad has had several changes over the years. Three separate layouts travel throughout the backyard. The features include 60 buildings, 350 feet of track, 2 tunnels, 80 trees, 4 bridges and a life size potting shed built to look like a small railroad station. This railroad is well integrated into the backyard landscape.  ', '', NULL, NULL, '', '', NULL, NULL, NULL, '', 1, NULL, NULL, '', 'Robert', 'Smith', '', '', '', '', '', 'CA', '', '', NULL),
(178, 'R178', '', '', 'Jack''s Crystal Springs Railroad represents a narrow gauge railroad that might have been. It is located on the SF peninsula. The line starts at the ocean shore town of Fog Harbor and climbs the coastal range to San Mateo and other points west. This garden has been featured in hundreds of articles in Garden Railways Magazine and several Garden Railway books. The owner is the premier garden railway builder in the country.', '', '', '', '', '', '', '', '', '', 1, 'N', 'N', '', 'Jack', 'Verducci', '', '', '', '', '', 'CA', '', '', NULL),
(179, 'R179', '', '', 'Bill Allen  runs both  live steam and electric. The garden has miniature trees and plants and lots of scratch built items. The layout depicts the Truckee and Virginia City''s gold and silver era. Seven hundred feet of  layout with four looping and two back &amp; forth tracks, and a 33'' Koi pond with waterfall and river separate Virginia City from Truckee.  The layout also has eight bridges, seven tunnels, 4% grades and a 40'' mountain range. Bill has lots of scratch built structures and rolling stock.   There is a second section elevated oval 21'' X 31'' designed for Live Steam with dual tracks and turnouts.', '', '', '', '', '', '', '', '', '', 1, 'N', 'N', '', 'Bill', 'Allen', '', '', '', '', '', 'CA', '', '', 1),
(180, 'R180', '', '', 'This railway is integrated into the existing tall Redwood landscaping. It runs along the back and side fence in a specially constructed raised rock area. One end is a sparsely populated mountain setting. An over and under figure 8 loop crosses a waterfall over a long high trestle. The line travels by small settlements en route to a hillside town and rail yard in the middle of another over and under elevation loop. There are approximately 30 buildings and many special details. This railroad was featured in Garden Railways magazine', '', NULL, NULL, '', '', NULL, NULL, NULL, '', 1, NULL, NULL, '', 'Don', 'Watters', '', '', '', '', '', 'CA', '', '', NULL);

-- --------------------------------------------------------

--
-- Loading data for table `test_eventtools_layout_tours`
--

DELETE FROM `test_eventtools_layout_tours`;
INSERT INTO `test_eventtools_layout_tours` (`id`, `number`, `name`, `start_date`, `end_date`, `description`, `status_code`, `cart_item`, `tour_price`, `tour_seats`, `tour_bus_type`, `tour_buses`, `tour_mileage`) VALUES
(13, 'L201', 'SIERRA SUNRISE												', '2011-07-04 07:30:00', '2011-07-04 18:30:00', 'This tour will first visit two large HO home layouts that are both prototype based and operations oriented.  The layouts are located in the Sierra Foothills to the east of Jamestown, CA. After visiting the two layouts the tour will travel to Railtown 1897 in Jamestown and there join Tour P 203 for a BBQ meal, steam train ride and tour of the historic shops. (See description of tour P 203 for more details).', 2, '', 75.00, 88, '', 0, 225),
(14, 'L301', 'EAST BAY BY RAIL', '2011-07-05 00:00:00', '2011-07-05 00:00:00', '', 0, '', 0.00, 0, '', 0, 0),
(15, 'L302', 'US 50 EAST', '2011-07-05 00:00:00', '2011-07-05 00:00:00', '', 0, '', 0.00, 0, '', 0, 0),
(16, 'L303', 'Auburn, Grass Valley and Nevada City', '2011-07-05 00:00:00', '2011-07-05 00:00:00', '', 0, '', 0.00, 0, '', 0, 0),
(8, '', 'Layouts Santa Cruz', '2011-07-01 13:00:00', '2011-07-01 17:30:00', '', 0, '', 0.00, 0, '24', 1, 0),
(9, '', 'Layouts Fremont - Pleasanton', '2011-07-01 18:00:00', '2011-07-01 22:00:00', '', 0, '', 0.00, 0, '24', 1, 0),
(10, '', 'Layouts San Jose - Los Altos', '2011-07-02 08:00:00', '2011-07-02 12:00:00', '', 0, '', 0.00, 0, '24', 1, 0),
(11, '', 'Layouts Oakland - Walnut Creek', '2011-07-02 12:45:00', '2011-07-02 17:00:00', 'Return Stop - Jack London Square', 0, '', 0.00, 0, '24', 1, 0),
(12, '', 'Layouts San Mateo - San Francisco', '2011-07-03 08:30:00', '2011-07-03 14:30:00', '', 0, '', 0.00, 0, '24', 1, 0),
(17, 'L304', 'Colusa', '2011-07-05 00:00:00', '2011-07-05 00:00:00', '', 0, '', 0.00, 0, '', 0, 0),
(18, 'L305', 'NARROW GAUGE', '2011-07-05 00:00:00', '2011-07-05 00:00:00', 'This tour features seven narrow gauge layouts (two at one location) in a wide assortment of scales.  In addition the SMRHS layout has a standard gauge HO layout in an adjoing room.   ', 1, '', 0.00, 0, '', 0, 0),
(19, 'L401', 'S Scale Layout Tour and Train Rides', '2011-07-06 07:00:00', '2011-07-06 18:00:00', 'This tour is comprised of three S-scale layouts and two train rides.  It departs Sacramento on Amtrak, transfers  to Bay Area Rapid Transit(BART) in Richmond, CA and boards  a bus in Fremont, CA to tour the layouts.  Although open to all convention attendees, it is limited to 55 participants and priority will be given to NASG members in the event of an oversold situation.', 2, '', 55.00, 55, '', 0, 0),
(20, 'L402', 'EAST BAY HALF TRACK', '2011-07-06 00:00:00', '2011-07-06 00:00:00', '', 0, '', 0.00, 0, '', 0, 0),
(21, 'L403', 'PETALUMA AND SANTA ROSA', '2011-07-06 00:00:00', '2011-07-06 00:00:00', '', 0, '', 0.00, 0, '', 0, 0),
(22, 'L404', 'MODESTO', '2011-07-06 00:00:00', '2011-07-06 00:00:00', 'Two of the layouts on this tour were built by professional railroaders and one is undergoing a major expansion giving this trip a unique flavor.', 1, '', 0.00, 0, '', 0, 0),
(23, 'L405', 'N- SCALE', '2011-07-06 00:00:00', '2011-07-06 00:00:00', '', 0, '', 0.00, 0, '', 0, 0),
(24, 'L406', 'Rocklin Rocket', '2011-07-06 00:00:00', '2011-07-06 00:00:00', 'A six layout tour with a wide range of geographies and unique features that is enhanced by the proximity to the convention center and minimal travel time. ', 1, '', 0.00, 0, '', 0, 0),
(25, 'L501', 'MARIPOSA', '2011-07-07 08:00:00', '2011-07-07 18:30:00', 'This tour will visit four spectacular layouts in the Mariposa area. Lunch is on-your-own in a downtown Mariposa park with five eating establishments ranging from a sit-down restaurant to fast food to deli carryout within easy walking distance.', 0, '', 0.00, 0, '', 0, 0),
(26, 'L502', 'MARIN', '2011-07-07 00:00:00', '2011-07-07 00:00:00', 'This tour will visit five layouts in the Marin area, several of which have received extensive coverage in the model railroad press. Lunch will be on your own at a local shopping mall with multiple fast food opportunities.', 1, '', 0.00, 0, '', 0, 0),
(27, 'L503', 'RENO', '2011-07-07 00:00:00', '2011-07-07 00:00:00', '', 0, '', 0.00, 0, '', 0, 0),
(28, 'L504', 'SACRAMENTO - ELK GROVE ', '2011-07-07 00:00:00', '2011-07-07 00:00:00', 'This tour visits four layouts close to the Convention Center in Sacramento and Elk Grove, immediately south of Sacramento.  At under four hours it is a perfect tour for balancing a high quality and diversity of layout styles without spending a lot of time away from the convention center. ', 1, '', 0.00, 0, '', 0, 0),
(29, 'L505', 'GARDEN', '2011-07-07 00:00:00', '2011-07-07 00:00:00', '', 0, '', 0.00, 0, '', 0, 0),
(30, 'L601', 'BAY AREA CLUBS #1', '2011-07-08 00:00:00', '2011-07-08 00:00:00', 'This tour will visit three model railroad clubs in the San Francisco Bay Area.  ', 1, '', 0.00, 0, '', 0, 0),
(31, 'L602', 'BAY AREA CLUBS #2', '2011-07-08 00:00:00', '2011-07-08 00:00:00', '', 0, '', 0.00, 0, '', 0, 0),
(32, 'L603', 'SACRAMENTO AREA CLUBS', '2011-07-08 00:00:00', '2011-07-08 00:00:00', '', 0, '', 0.00, 0, '', 0, 0),
(33, 'L211', 'RAILTOWN WITH LAYOUTS', '2011-07-04 10:00:00', '2011-07-04 18:30:00', 'Tour P203 plus visits to two nearby HO scale lumbering themed layouts; John Zach in Twain Harte and Steve Hayes in Sonora.  Further information on John and Steve''s layouts is available under the layout tab.', 1, '', 0.00, 0, '0', 0, 0),
(34, 'L701', 'SF BAY AREA GARDEN RAILWAYS', '2011-07-09 08:00:00', '2011-07-09 17:00:00', 'This tour will visit six really interesting garden railways in the San Francisco Bay Area. Each of these railways features well built outdoor railroads in garden settings that are sure to be of great interest to those into gardening as well as garden railway aficionados. Lunch will be on your own from a selection of fast food restaurants available at a local shopping area   ', 1, '', 0.00, 0, '0', 0, 0);


-- --------------------------------------------------------

--
-- Loading data for table `test_eventtools_layout_tour_links`
--

DELETE FROM `test_eventtools_layout_tour_links`;
INSERT INTO `test_eventtools_layout_tour_links` (`layout_tour_link_num`, `tour_number`, `layout_id`, `layout_tour_link_order`) VALUES
(7, '13', 162, 5),
(8, '13', 167, 10),
(9, '14', 131, 10),
(10, '14', 105, 20),
(11, '14', 115, 30),
(12, '14', 157, 40),
(13, '14', 130, 50),
(14, '14', 123, 60),
(15, '14', 124, 70),
(16, '15', 133, 10),
(17, '15', 161, 20),
(18, '15', 89, 15),
(19, '15', 99, 40),
(20, '15', 98, 50),
(21, '16', 88, 10),
(22, '16', 121, 20),
(23, '16', 103, 30),
(24, '16', 122, 40),
(25, '17', 91, 10),
(26, '17', 93, 20),
(27, '17', 132, 30),
(28, '17', 92, 40),
(29, '18', 101, 10),
(30, '18', 90, 20),
(31, '18', 95, 30),
(32, '18', 102, 40),
(33, '18', 140, 50),
(34, '18', 151, 60),
(35, '19', 18, 10),
(36, '19', 108, 20),
(37, '19', 109, 30),
(38, '20', 123, 10),
(39, '20', 124, 20),
(40, '20', 125, 30),
(41, '20', 129, 40),
(42, '20', 131, 50),
(43, '20', 105, 60),
(44, '20', 115, 70),
(45, '21', 160, 10),
(46, '21', 159, 20),
(47, '21', 158, 30),
(48, '21', 127, 40),
(49, '21', 128, 50),
(50, '21', 126, 60),
(106, '34', 175, 10),
(52, '22', 119, 20),
(53, '22', 138, 30),
(54, '22', 118, 50),
(107, '34', 176, 20),
(56, '23', 144, 10),
(57, '23', 142, 20),
(58, '23', 172, 30),
(59, '23', 169, 40),
(60, '24', 139, 10),
(62, '24', 106, 15),
(63, '24', 107, 40),
(64, '24', 143, 50),
(65, '24', 171, 60),
(67, '24', 173, 80),
(68, '25', 7, 10),
(69, '25', 8, 20),
(70, '25', 9, 30),
(71, '25', 116, 40),
(72, '25', 113, 50),
(73, '25', 170, 60),
(74, '26', 165, 10),
(75, '26', 156, 20),
(76, '26', 104, 30),
(108, '34', 177, 30),
(78, '26', 155, 50),
(79, '26', 154, 60),
(80, '27', 134, 10),
(81, '27', 135, 20),
(82, '27', 136, 30),
(83, '27', 163, 40),
(84, '28', 148, 10),
(109, '34', 178, 40),
(86, '28', 146, 20),
(102, '28', 97, 40),
(88, '28', 96, 30),
(89, '29', 152, 10),
(90, '29', 97, 20),
(105, '30', 83, 30),
(104, '30', 174, 20),
(103, '30', 81, 10),
(94, '31', 164, 10),
(95, '31', 168, 20),
(96, '31', 87, 30),
(97, '32', 145, 10),
(98, '32', 150, 20),
(99, '22', 117, 35),
(100, '33', 162, 5),
(101, '33', 167, 10),
(110, '34', 179, 50),
(111, '34', 180, 60);

-- --------------------------------------------------------

--
-- Loading data for table `test_eventtools_clinics`
--

DELETE FROM `test_eventtools_clinics`;
INSERT INTO `test_eventtools_clinics` (`id`, `number`, `name`, `start_date`, `end_date`, `description`, `status_code`, `cart_item`, `clinic_presenter`, `clinic_location_code`, `clinic_url`) VALUES
(14, 'C014', 'DCC: Overview', '2011-07-04 08:00:00', '2011-07-04 09:00:00', '', 0, '', 'Mark Gurries', 2, ''),
(15, 'C015', 'DCC: Installing Decoders', '2011-07-04 09:30:00', '2011-07-04 10:30:00', '', 0, '', 'Mark Gurries', 2, ''),
(13, 'C013', 'Layout Design Panel: What Would you do Differently?', '2011-07-04 16:00:00', '2011-04-07 17:00:00', '', 0, '', '', 1, ''),
(9, 'C009', 'SP: Sacramento Shops ', '2011-07-03 19:00:00', '2011-07-03 20:00:00', '', 0, '', 'Bob Pecotich', 1, ''),
(10, 'C010', 'The State Belt Railroad', '2011-07-03 16:00:00', '2011-07-03 17:00:00', '', 0, '', 'Bill Kaufmann', 1, ''),
(11, 'C011', 'Layout Design Boot Camp', '2011-07-04 08:00:00', '2011-07-04 12:00:00', '', 0, '', 'Henderson et al', 1, ''),
(12, 'C012', 'Multi-deck Layout Design', '2011-07-04 13:00:00', '2011-07-04 14:00:00', '', 0, '', 'Tony Koester', 1, ''),
(16, 'C016', 'DCC: Programming Decoders', '2011-07-04 11:00:00', '2011-07-04 12:00:00', '', 0, '', 'Jim Betz', 2, ''),
(17, 'C017', 'NMRA Net', '2011-07-04 13:00:00', '2011-07-04 14:00:00', '', 0, '', '', 2, ''),
(18, 'C018', 'Model Railroading with Arduino', '2011-07-04 14:30:00', '2011-07-04 15:30:00', '', 0, '', '', 2, ''),
(19, 'C019', 'Interfacing to your Model Railroad', '2011-07-04 16:00:00', '2011-07-04 17:00:00', '', 0, '', '', 2, ''),
(20, 'C020', 'M&ET history and how I modeled it', '2011-07-04 19:00:00', '2011-07-04 20:00:00', '', 0, '', 'Trevor Marshall', 4, ''),
(21, 'C021', 'World Wide Model Railroad Tour', '2011-07-04 11:00:00', '2011-07-04 12:00:00', '', 0, '', ' John Sing', 4, ''),
(22, 'C022', 'SP: Western Division & Donner Pass', '2011-07-04 08:00:00', '2011-07-04 09:00:00', '', 0, '', 'John Signor', 3, ''),
(23, 'C023', 'SP: Freight Cars', '2011-07-04 09:30:00', '2011-07-04 10:30:00', '', 0, '', 'Tony Thompson', 3, ''),
(24, 'C024', 'SP: Passenger Cars', '2011-07-04 19:00:00', '2011-07-04 20:00:00', '', 0, '', 'Jeff Cauthen', 3, ''),
(25, 'C025', 'Using Logistics to Develop a Model Railroad Operations Scheme', '2011-07-04 09:30:00', '2011-07-04 10:30:00', '', 0, '', '', 4, ''),
(26, 'C026', 'Copper on Rails', '2011-07-03 16:00:00', '2011-07-03 17:00:00', '', 0, '', 'Don Marenzi', 2, ''),
(27, 'C027', 'Disney Railroading', '2011-07-03 19:00:00', '2011-07-03 20:00:00', '', 0, '', 'John & Katie Olson', 2, ''),
(28, 'C028', 'Layout Design for Passenger Operations', '2011-07-04 14:30:00', '2011-07-04 15:30:00', '', 0, '', 'Robert Clark', 1, ''),
(29, 'C029', 'SP: Sacramento Shops', '2011-07-04 11:00:00', '2011-07-04 12:00:00', '', 0, '', 'Bob Pecotich', 3, ''),
(30, 'C030', 'SP: Steam', '2011-07-04 13:00:00', '2011-07-04 14:00:00', '', 0, '', 'Bob Church', 3, ''),
(31, 'C031', 'SP: Diesels', '2011-07-04 14:30:00', '2011-07-04 15:30:00', '', 0, '', 'Joe Strapac', 3, ''),
(32, 'C032', 'SP: Pacific Fruit Express Operations', '2011-07-04 16:00:00', '2011-07-04 17:00:00', '', 0, '', '', 3, ''),
(33, 'C033', 'SP: Copper', '2011-07-04 20:30:00', '2011-07-04 21:30:00', '', 0, '', 'Tony Thompson', 3, ''),
(34, 'C034', 'Central California Traction', '2011-07-04 13:00:00', '2011-07-04 14:00:00', '', 0, '', '', 4, ''),
(35, 'C035', 'Yosemite Valley Railroad', '2011-07-04 14:30:00', '2011-07-04 15:30:00', '', 0, '', 'Jack Burgess', 4, ''),
(36, 'C036', 'Craftsman Structures Tips & Tricks', '2011-07-04 20:30:00', '2011-07-04 21:30:00', '', 0, '', '(Bar Mills Models)', 4, ''),
(37, 'C037', 'Creating a Web site for your Layout', '2011-07-05 09:30:00', '2011-07-05 10:30:00', '', 0, '', 'John Sing', 1, ''),
(38, 'C038', 'Industrial Railroading in LA', '2011-07-05 11:00:00', '2011-07-05 12:00:00', '', 0, '', 'Bob Smaus', 1, ''),
(39, 'C039', 'Disney Railroading', '2011-07-05 13:00:00', '2011-07-05 14:00:00', '', 0, '', 'John & Katie Olson', 1, ''),
(40, 'C040', 'Introduction to Free-mo', '2011-07-05 14:30:00', '2011-07-05 15:30:00', '', 0, '', 'Bob Schrempp', 1, ''),
(41, 'C041', 'Free-mo Modular Signal System', '2011-07-05 16:00:00', '2011-07-05 17:00:00', '', 0, '', 'Barry Draper', 1, ''),
(42, 'C042', 'The NWP--a Prototype With Something for Every Modeler', '2011-07-05 09:30:00', '2011-07-05 10:30:00', '', 0, '', 'Fred Codoni', 2, ''),
(43, 'C043', 'NWP: Restoring Wooden Railroad Cars', '2011-07-05 11:00:00', '2011-07-05 12:00:00', '', 0, '', 'Gus Campagna', 2, ''),
(44, 'C044', 'NWP Operations adapted to Eel River Model RR', '2011-07-05 13:00:00', '2011-07-05 14:00:00', '', 0, '', 'Ron Plies', 2, ''),
(45, 'C045', 'NWP Paint Schemes', '2011-07-05 14:30:00', '2011-07-05 15:30:00', '', 0, '', 'Craig Hofer', 2, ''),
(46, 'C046', 'Cadillacs and Crummies: Recreating the NWP in a modest space', '2011-07-05 16:00:00', '2011-07-05 17:00:00', '', 0, '', 'Ed Merrin', 2, ''),
(47, 'C047', 'Modeling a Country Grain Elevator', '2011-07-05 19:00:00', '2011-07-05 20:00:00', '', 0, '', 'Bob van Arnem', 2, ''),
(48, 'C048', 'Building your own Signals', '2011-07-05 08:00:00', '2011-07-05 09:00:00', '', 0, '', 'David Metal', 3, ''),
(49, 'C049', 'DCC: Advanced Wiring Topics', '2011-07-05 09:30:00', '2011-07-05 10:30:00', '', 0, '', 'Mark Gurries', 3, ''),
(50, 'C050', 'Card Stock Structures', '2011-07-05 11:00:00', '2011-07-05 12:00:00', '', 0, '', 'Scott Robertson', 3, ''),
(51, 'C051', 'DCC & Sound', '2011-07-05 13:00:00', '2011-07-05 14:00:00', '', 0, '', '(Soundtraxx)', 3, ''),
(52, 'C052', 'Prototypical Operation of DCC Steam Sound Effects', '2011-07-05 14:30:00', '2011-07-05 15:30:00', '', 0, '', '(SoundTraxx)', 3, ''),
(53, 'C053', 'Prototypical Operation of DCC Diesel Sound Effects', '2011-07-05 16:00:00', '2011-07-05 17:00:00', '', 0, '', '(SoundTraxx)', 3, ''),
(54, 'C054', 'Streamlined Trains in California', '2011-07-05 09:30:00', '2011-07-05 10:30:00', '', 0, '', 'Paul Hobbs', 4, ''),
(55, 'C055', 'Amtrak in California', '2011-07-05 11:00:00', '2011-07-05 12:00:00', '', 0, '', 'Paul Hobbes', 4, ''),
(56, 'C056', 'Prototype Research Panel Discussion', '2011-07-05 20:30:00', '2011-07-05 21:30:00', '', 0, '', 'Jack Burgess, et. al.', 4, ''),
(57, 'C057', 'DCC: Overview', '2011-07-06 09:30:00', '2011-07-06 10:30:00', '', 0, '', 'Mark Gurries', 1, ''),
(58, 'C058', 'DCC: Programming Decoders', '2011-07-06 11:00:00', '2011-07-06 12:00:00', '', 0, '', 'Jim Betz', 1, ''),
(59, 'C059', 'JMRI: Advanced Decoder Pro', '2011-07-06 13:00:00', '2011-07-06 14:00:00', '', 0, '', 'Bob Jacobsen', 1, ''),
(60, 'C060', 'JMRI: Operations', '2011-07-06 14:30:00', '2011-07-06 15:30:00', '', 0, '', 'Dennis Drury', 1, ''),
(61, 'C061', 'JMRI: Signaling', '2011-07-06 16:00:00', '2011-07-06 17:00:00', '', 0, '', 'Dick Bronson', 1, ''),
(62, 'C062', 'JMRI Users Meeting', '2011-07-06 19:00:00', '2011-07-06 23:00:00', '', 0, '', 'Bob Jacobsen', 1, ''),
(63, 'C063', 'Restoring Brass Locomotives', '2011-07-06 08:00:00', '2011-07-06 09:00:00', '', 0, '', 'Mark Schutzer', 2, ''),
(64, 'C064', 'Telecommunications for Model Railroaders', '2011-07-06 09:30:00', '2011-07-06 10:30:00', '', 0, '', 'Seth Neumann', 2, ''),
(65, 'C065', 'Prototype Modelling', '2011-07-06 11:00:00', '2011-07-06 12:00:00', '', 0, '', 'Tony Koester', 2, ''),
(66, 'C066', 'Building your own Signals', '2011-07-06 13:00:00', '2011-07-06 14:00:00', '', 0, '', 'David Metal', 2, ''),
(67, 'C067', 'M&ET history and how I modeled it', '2011-07-06 14:30:00', '2011-07-06 15:30:00', '', 0, '', 'Trevor Marshall', 2, ''),
(68, 'C068', 'Rapid Prototyping', '2011-07-06 16:00:00', '2011-07-06 17:00:00', '', 0, '', 'Bill Brisko', 2, ''),
(69, 'C069', 'Chasing Chinese Steam', '2011-07-06 19:00:00', '2011-07-06 20:00:00', '', 0, '', 'Doug & Barbara Geiger', 2, ''),
(70, 'C070', 'NASG : First Timers Introduction to Conventions', '2011-07-06 08:00:00', '2011-07-06 09:00:00', '', 0, '', '', 3, ''),
(71, 'C071', 'DCC & Sound', '2011-07-06 09:30:00', '2011-07-06 10:30:00', '', 0, '', '(Soundtraxx)', 3, ''),
(72, 'C072', 'Prototypical Operation of DCC Steam Sound Effects', '2011-07-06 11:00:00', '2011-07-06 12:00:00', '', 0, '', '(SoundTraxx)', 3, ''),
(73, 'C073', 'Prototypical Operation of DCC Diesel Sound Effects', '2011-07-06 13:00:00', '2011-07-06 14:00:00', '', 0, '', '(SoundTraxx)', 3, ''),
(74, 'C074', 'Photographing Your Models', '2011-07-06 14:30:00', '2011-07-06 15:30:00', '', 0, '', 'John Sing', 3, ''),
(75, 'C075', 'Modeling Streets with Sintra', '2011-07-06 16:00:00', '2011-07-06 17:00:00', '', 0, '', 'Jim Sacco', 3, ''),
(76, 'C076', 'Tales of a Hobby Shop Owner', '2011-07-06 19:00:00', '2011-07-06 20:00:00', '', 0, '', 'Bill Winans', 3, ''),
(77, 'C077', 'Craftsman Structures Tips & Tricks', '2011-07-06 20:30:00', '2011-07-06 21:30:00', '', 0, '', '(Bar Mills Models)', 3, ''),
(78, 'C078', 'History of the American Gas Station', '2011-07-06 08:00:00', '2011-07-06 09:00:00', '', 0, '', 'Jim Sacco', 4, ''),
(79, 'C079', 'Card Stock Structures', '2011-07-06 11:00:00', '2011-07-06 12:00:00', '', 0, '', 'Scott Robertson', 4, ''),
(80, 'C080', 'Modeling a Country Grain Elevator', '2011-07-06 13:00:00', '2011-07-06 14:00:00', '', 0, '', 'Bob van Arnem', 4, ''),
(81, 'C081', 'What''s in my Toolbox', '2011-07-06 14:30:00', '2011-07-06 15:30:00', '', 0, '', 'Pete Steinmetz', 4, ''),
(82, 'C082', 'Building Distressed Wood Structures', '2011-07-06 16:00:00', '2011-07-06 17:00:00', '', 0, '', 'Jimmy Simmons', 4, ''),
(83, 'C083', 'Nn3', '2011-07-06 19:00:00', '2011-07-06 20:00:00', '', 0, '', 'Tom Knapp', 4, ''),
(84, 'C084', 'Introduction to Railroad Signals', '2011-07-07 08:30:00', '2011-07-07 10:00:00', '', 0, '', 'Seth Neumann, CSRM', 8, ''),
(85, 'C085', 'R Street Industrial Corridor', '2011-07-07 09:30:00', '2011-07-07 10:30:00', '', 0, '', 'Tom Campbell', 1, ''),
(86, 'C086', 'Trackside Signaling at the Sacramento Model Railroad Historical ', '2011-07-07 11:00:00', '2011-07-07 12:00:00', '', 0, '', 'Joe Melhorn', 1, ''),
(87, 'C087', 'C/MRI', '2011-07-07 13:00:00', '2011-07-07 15:30:00', '', 0, '', 'Bruce Chubb', 1, ''),
(88, 'C088', 'Planning for Signals Panel Discussion', '2011-07-07 16:00:00', '2011-07-07 17:00:00', '', 0, '', '', 1, ''),
(89, 'C089', 'JMRI: Signaling', '2011-07-07 19:00:00', '2011-07-07 20:00:00', '', 0, '', 'DIck Bronson', 1, ''),
(90, 'C090', 'CATS', '2011-07-07 20:30:00', '2011-07-07 21:30:00', '', 0, '', 'Rodney Black', 1, ''),
(91, 'C091', 'OpenLCB', '2011-07-07 22:00:00', '2011-07-07 23:00:00', '', 0, '', 'Bob Jacobsen', 1, ''),
(92, 'C092', 'Scratchbuilding Crossings in any Scale (NASG)', '2011-07-07 14:30:00', '2011-07-07 15:30:00', '', 0, '', 'Dick Karnes', 2, ''),
(93, 'C093', 'Yosemite Valley Railroad', '2011-07-07 16:00:00', '2011-07-07 17:00:00', '', 0, '', 'Jack Burgess', 2, ''),
(94, 'C094', 'Rapid Prototyping', '2011-07-07 19:00:00', '2011-07-07 20:00:00', '', 0, '', 'Bill Brisko', 2, ''),
(95, 'C095', 'Restoring Brass Locomotives', '2011-07-07 20:30:00', '2011-07-07 21:30:00', '', 0, '', 'Mark Schutzer', 2, ''),
(96, 'C096', 'World Wide Model Railroad Tour', '2011-07-07 09:30:00', '2011-07-07 10:30:00', '', 0, '', 'John Sing', 3, ''),
(97, 'C097', 'SP: Western Division & Donner Pass', '2011-07-07 11:00:00', '2011-07-07 12:00:00', '', 0, '', 'John Signor', 3, ''),
(98, 'C098', 'SP: Freight Cars', '2011-07-07 13:00:00', '2011-07-07 14:00:00', '', 0, '', 'Tony Thompson', 3, ''),
(99, 'C099', 'SP: Diesels', '2011-07-07 14:30:00', '2011-07-07 15:30:00', '', 0, '', 'Joe Strapac', 3, ''),
(100, 'C100', 'SP: Passenger Cars', '2011-07-07 16:00:00', '2011-07-07 17:00:00', '', 0, '', 'Jeff Cauthen', 3, ''),
(101, 'C101', 'Modeling an SP Business Car Train', '2011-07-07 19:00:00', '2011-07-07 20:00:00', '', 0, '', 'Scott Inman', 3, ''),
(102, 'C102', 'Nn3', '2011-07-07 20:30:00', '2011-07-07 21:30:00', '', 0, '', 'Tom Knapp', 3, ''),
(103, 'C103', 'Craftsman Structures Tips & Tricks', '2011-07-07 22:00:00', '2011-07-07 23:00:00', '', 0, '', '(Bar Mills Models)', 3, ''),
(104, 'C104', 'Tangent Scale Models', '2011-07-07 19:00:00', '2011-07-07 20:00:00', '', 0, '', '', 4, ''),
(105, 'C105', 'Track Planning with KISS Templates', '2011-07-07 20:30:00', '2011-07-07 21:30:00', '', 0, '', '', 4, ''),
(106, 'C106', 'KAM', '2011-07-07 19:00:00', '2011-07-07 20:00:00', '', 0, '', '', 6, ''),
(107, 'C107', 'KAM', '2011-07-07 20:30:00', '2011-07-07 21:30:00', '', 0, '', '', 6, ''),
(108, 'C108', 'JMRI: Operations', '2011-07-08 11:00:00', '2011-07-08 12:00:00', '', 0, '', 'Dennis Drury', 1, ''),
(109, 'C109', 'DCC: Overview', '2011-07-08 13:00:00', '2011-07-08 14:00:00', '', 0, '', 'Mark Gurries', 1, ''),
(110, 'C110', 'DCC: Installing Decoders', '2011-07-08 14:30:00', '2011-07-08 15:30:00', '', 0, '', 'Mark Gurries', 1, ''),
(111, 'C111', 'DCC: Programming Decoders', '2011-07-08 16:00:00', '2011-07-08 17:00:00', '', 0, '', 'Jim Betz', 1, ''),
(112, 'C112', 'OpenLCB', '2011-07-08 19:00:00', '2011-07-08 20:00:00', '', 0, '', 'Bob Jacobsen', 1, ''),
(113, 'C113', 'Industrial Railroading in LA', '2011-07-08 11:00:00', '2011-07-08 12:00:00', '', 0, '', 'Bob Smaus', 2, ''),
(114, 'C114', 'Using Logistics to Develop a Model Railroad Operations Scheme', '2011-07-08 13:00:00', '2011-07-08 14:00:00', '', 0, '', 'Dustin Shoup', 2, ''),
(115, 'C115', 'CATS', '2011-07-08 14:30:00', '2011-07-08 15:30:00', '', 0, '', 'Rodney Black', 2, ''),
(116, 'C116', 'Trackside Signaling at the Sacramento Model Railroad Historical ', '2011-07-08 16:00:00', '2011-07-08 17:00:00', '', 0, '', 'Joe Melhorn', 2, ''),
(117, 'C117', 'Nn3', '2011-07-08 11:00:00', '2011-07-08 12:00:00', '', 0, '', 'Tom Knapp', 3, ''),
(118, 'C118', 'The State Belt Railroad', '2011-07-08 13:00:00', '2011-07-08 14:00:00', '', 0, '', 'Bill Kaufman', 3, ''),
(119, 'C119', 'Building Distressed Wood Structures', '2011-07-08 14:30:00', '2011-07-08 15:30:00', '', 0, '', 'Jimmy Simmons', 3, ''),
(120, 'C120', 'Modeling Streets with Sintra', '2011-07-08 16:00:00', '2011-07-08 17:00:00', '', 0, '', 'Jim Sacco', 3, ''),
(121, 'C121', 'Streamlined Trains in California', '2011-07-08 08:00:00', '2011-07-08 09:00:00', '', 0, '', 'Paul Hobbs', 4, ''),
(122, 'C122', 'Amtrak in California', '2011-07-08 09:30:00', '2011-07-08 10:30:00', '', 0, '', 'Paul Hobbs', 4, ''),
(123, 'C123', 'Layout Design for Passenger Operations', '2011-07-08 11:00:00', '2011-07-08 12:00:00', '', 0, '', 'Robert Clark', 4, ''),
(124, 'C124', 'Lighting of Cars & Locomotives (DCC)', '2011-07-08 13:00:00', '2011-07-08 14:00:00', '', 0, '', 'Joe Melhorn', 4, ''),
(125, 'C125', 'Working with Plastics', '2011-07-08 14:30:00', '2011-07-08 17:00:00', '', 0, '', 'Russ Miller', 4, ''),
(126, 'C126', 'Welcome and Overview ', '2011-07-04 09:00:00', '2011-07-04 10:00:00', 'Join us as we reconnect with old friends, make new friends and learn about all the non-rail activities planned for the week. Refreshments will be served.', 0, '', '', 6, ''),
(127, 'C127', 'Welcome and Overview ', '2011-07-05 09:00:00', '2011-07-05 10:00:00', 'Join us as we reconnect with old friends, make new friends and learn about all the non-rail activities planned for the week. Refreshments will be served.', 0, '', '', 6, ''),
(128, 'C128', 'Card Making - fee required', '2011-07-04 10:00:00', '2011-07-04 11:00:00', 'It''s Tuesday night and you''re getting ready for bed when you remember you have to send a birthday card in the mail the next day. Using items found around the house, we will be making four cards for all occasions (you choose) that will re-use old cards, photographs, ribbons, and gift wrap. All supplies provided including envelopes. ', 0, '', 'Suzy Madsen', 6, ''),
(129, 'C129', 'Project Linus', '2011-07-04 14:00:00', '2011-07-04 15:00:00', 'We will be working with this National Organization that provides security blankets to children in need. Visit their website at <a href="http://www.projectlinus.org">www.projectlinus.org</a> for more information. \r\n<p/>\r\nBlankets can be made ahead of time and brought with you, or you can make pieces and we will put them together at the convention. Blankets can be quilted, tied, knitted, crochet or fleece. Bring all your pieces and we will make some security blankets for children in need. This will be an ongoing project all week, so stop by often and lend a hand. \r\n<p/>\r\nOn <b>Wednesday, July 6 - 2:00 p.m.</b>, we will have a speaker, Yvonne Jones, from the local chapter. Our speaker will share who they donate to, how many blankets they''ve donated and about Project Linus in general.\r\n<p/>\r\nThere will be a presentation at the Event on Saturday night of all the blankets made by our group.\r\n', 0, '', 'Susan Swindell', 6, 'http://www.projectlinus.org'),
(130, 'C130', 'Non Rail Lunch - Free event but registration is required', '2011-07-05 12:00:00', '2011-07-05 13:00:00', 'We will have a delicious lunch at the Hyatt. Our guest speaker will be Julie Riley of the Sacramento Convention Bureau. She will be sharing with us the history of the area, things to do and places to go. ', 0, '', '', 6, ''),
(131, 'C131', 'Gardening Workshop', '2011-07-05 16:00:00', '2011-07-05 17:00:00', 'Nancy Norris, of <a href="http://www.gardenlines.net">www.gardenlines.net</a> will share her expertise about gardening and garden railway landscaping with us and also give us a pruning demonstration.', 0, '', 'Nancy Norris', 6, 'http://www.gardenlines.net'),
(132, 'C132', 'Bingo', '2011-07-05 19:00:00', '2011-07-05 20:00:00', 'Come out and play this old favorite. Learn some new ways to play as well as the standards. Prizes will be awarded.', 0, '', '', 6, ''),
(133, 'C133', 'Introduction to Genealogy', '2011-07-06 09:00:00', '2011-07-06 10:00:00', 'Been excited by the TV show "Who Do You Think You Are?"  Want to know more about how to do this popular hobby of genealogy?  Come learn how to get started.  This will be a hands-on experience filling out Family Group Sheets and Ancestry Charts.  You will also get a list of websites that will help you at home.', 0, '', 'Lisa Gorrell', 6, ''),
(134, 'C134', 'Stamping - fee required', '2011-07-06 13:00:00', '2011-07-06 14:00:00', 'Come learn how to stamp. Already know how, maybe you can share some of your techniques. We will be stamping all kinds of things.', 0, '', 'Marilyn Long', 6, ''),
(135, 'C135', 'Fabric Painting - fee required', '2011-07-06 16:00:00', '2011-07-06 16:00:00', 'Bring a T- shirt to paint. We will have shirts and other items to paint. This is a fun and easy project. Be creative. Shirts can be taken home or we will donate any those left to a local Women''s Shelter.', 0, '', 'Mary Moore Campagna', 6, ''),
(136, 'C136', 'Movie Night  ', '2011-07-06 19:00:00', '2011-07-06 20:00:00', 'Come join us as we watch an oldie but goodie. Maybe even one you haven''t seen before!', 0, '', '', 6, ''),
(137, 'C137', 'Guide Dogs for the Blind speaker', '2011-07-07 10:00:00', '2011-07-07 11:00:00', 'We will have a visitor from the local chapter of Guide Dogs for the Blind. They will be sharing with us their experiences as they foster a guide dog and what the organization does.', 0, '', '', 6, ''),
(138, 'C138', 'Games Galore', '2011-07-08 14:00:00', '2011-07-08 15:00:00', 'Come learn some new games. Cards, dice or board games. Then later in the evening we will have a chance to play them all. ', 0, '', '', 6, ''),
(139, 'C139', 'Quilt Shop Hop', '2011-07-09 09:00:00', '2011-07-09 12:00:00', 'We will carpool and visit different quilt and fabric stores in the Sacramento area. Come by the Non Rail room on Monday &amp; Tuesday and sign up. This is an exciting trip because you never know where the perfect piece of fabric will be.  ', 0, '', '', 6, ''),
(140, 'CM1', 'Building A Laser Structure Kit', '2011-07-03 18:00:00', '2011-07-03 23:00:00', 'Join a team of Master Model Railroaders as they personally help you build a model.  These hands-on sessions will run during the convention Monday through Thursday.  Each session is 5 hours and will begin with a workshop on the project followed by a hands-on session during which you will build a model aided by a team of Master Model Railroaders who will assist you, answer your questions and share their modeling expertise, skills and techniques.  When the session is finished you will be able to take your project home.<p/>\r\nThis clinic involves building a Laser Structure kit. Students will learn all the basic elements for building any laser kit.<p/>\r\nAttendance is limited to 28 total students. All students must bring the tools as listed on the tool list for each clinic.<p/>\r\nCost is $48 for N &amp; HO and $60 for S &amp; for O $75', 0, '', 'Lead Instructor: Kooning, Clark, MMR', 0, ''),
(141, 'CM2', 'Building A DPM Structure', '2011-07-04 07:30:00', '2011-07-04 12:00:00', 'Get your seat for one of the most exciting NMRA programs.  "Modeling with the Masters"!  Join a team of Master Model Railroaders as they personally help you build a model.  These hands-on sessions will run during the convention Monday through Thursday.  Each session is 5 hours and will begin with a workshop on the project followed by a hands-on session during which you will build a model aided by a team of Master Model Railroaders who will assist you, answer your questions and share their modeling expertise, skills and techniques.  When the session is finished you will be able to take your project home.<p/>\r\nThis clinic involves building a Design Preservation Models (DPM) building including details and signs.  You might think you know how to build DPM kits but after you will know how. <p/>\r\nAttendance is limited to 28 total students. All students must bring the tools as listed on the tool list for each clinic.<p/>\r\nCost is $48 for N &amp; HO.', 0, '', 'Lead Instructor: Hale, Fran MMR', 0, ''),
(142, 'CM3', 'Building a White Metal Vehicle Kit', '2011-07-04 13:30:00', '2011-07-04 18:30:00', 'Get your seat for one of the most exciting NMRA programs.  "Modeling with the Masters"!  Join a team of Master Model Railroaders as they personally help you build a model.  These hands-on sessions will run during the convention Monday through Thursday.  Each session is 5 hours and will begin with a workshop on the project followed by a hands-on session during which you will build a model aided by a team of Master Model Railroaders who will assist you, answer your questions and share their modeling expertise, skills and techniques.  When the session is finished you will be able to take your project home. <p/>\r\nThis clinic involves building a white metal vehicle and painting it. You will learn how to assembly these very detailed kits, including what glues to use<p/>\r\nAttendance is limited to 28 total students. All students must bring the tools as listed on the tool list for each clinic.<p/>\r\nCost is $50 for N &amp; $65 for HO.', 0, '', 'Lead Instructor: Kooning, Clark MMR', 0, ''),
(143, 'CM4', 'Building Plastic Walthers Modular Buildings', '2011-07-05 07:30:00', '2011-07-05 12:30:00', 'This clinic will cover the basics of preparing, gluing and painting plastic as participants use Walthers modular building parts to construct a custom city structure. Participants will build and detail a city structure for their layouts that is not available in any kit form, and take enough additional materials home to get them started with the Walthers modular custom building system.<p/>\r\nAttendance is limited to total of 28 students in N &amp; HO scales only. All students must bring the tools as listed on the tool list for each clinic.<p/>\r\nCost of clinic $48. N or HO only.<p/>\r\nThanks to the generous donation of the modular parts by Walthers Inc.', 0, '', 'Lead Instructor: Lowrance, John, MMR', 0, ''),
(144, 'CM5', 'Scratchbuilding Car Loads For Your Freight Cars', '2011-07-05 13:30:00', '2011-07-05 18:30:00', 'Join a team of Master Model Railroaders as they personally help you build a model.  These hands-on sessions will run during the convention Monday through Thursday.  Each session is 5 hours and will begin with a workshop on the project followed by a hands-on session during which you will build a model aided by a team of Master Model Railroaders who will assist you, answer your questions and share their modeling expertise, skills and techniques.  When the session is finished you will be able to take your project home.<p/>\r\nIn this clinic you will scratchbuild three different loads for a freight car. In addition to this, you will learn some basic weathering skills to be applied to the freight car, which will be supplied to you. <p/>\r\nAttendance is limited to 28 students. Cost is $48 for N and HO.', 0, '', 'Lead Instructor: Hale, Miles, MMR', 0, ''),
(145, 'CM6', 'Building A Turnout Using A Commercial Fixture', '2011-07-06 08:00:00', '2011-07-06 12:30:00', 'Get your seat for one of the most exciting NMRA programs.  "Modeling with the Masters"!  Join a team of Master Model Railroaders as they personally help you build a model.  These hands-on sessions will run during the convention Monday through Thursday.  Each session is 5 hours and will begin with a workshop on the project followed by a hands-on session during which you will build a model aided by a team of Master Model Railroaders who will assist you, answer your questions and share their modeling expertise, skills and techniques.  When the session is finished you will be able to take your project home.<p/>\r\nThis clinic involves building a turnout from scratch using a commercial fixture from Fastracks. <p/>\r\nAttendance is limited to 28 total students. All students must bring the tools as listed on the tool list for each clinic.<p/>\r\nCost is $ 45 for N, HO, HOn3, S, Sn3,On30, and  O', 0, '', 'Lead Instructor: Kooning, Clark, MMR', 0, '');

-- --------------------------------------------------------

--
-- Loading data for table `test_eventtools_clinic_tags`
--

DELETE FROM `test_eventtools_clinic_tags`;
INSERT INTO `test_eventtools_clinic_tags` (`clinic_tag_num`, `clinic_tag_clinic_number`, `tag_name`) VALUES
(7, '15', 'DCC'),
(8, '14', 'DCC'),
(9, '16', 'DCC'),
(10, '23', 'SP'),
(11, '24', 'SP'),
(12, '9', 'SP'),
(13, '22', 'SP'),
(14, '14', 'Intro'),
(15, '44', 'NWP'),
(16, '45', 'NWP'),
(17, '43', 'NWP'),
(18, '42', 'NWP'),
(19, '46', 'NWP'),
(20, '33', 'SP'),
(21, '31', 'SP'),
(22, '99', 'SP'),
(23, '98', 'SP'),
(24, '32', 'SP'),
(25, '100', 'SP'),
(26, '29', 'SP'),
(27, '30', 'SP'),
(28, '97', 'SP'),
(29, '48', 'Signals'),
(30, '66', 'Signals'),
(31, '87', 'Signals'),
(32, '115', 'Signals'),
(33, '90', 'Signals'),
(34, '49', 'Signals'),
(35, '19', 'Signals'),
(36, '84', 'Signals'),
(37, '89', 'Signals'),
(38, '61', 'Signals'),
(39, '91', 'Signals'),
(40, '112', 'Signals'),
(41, '88', 'Signals'),
(42, '86', 'Signals'),
(43, '116', 'Signals'),
(44, '92', 'NASG'),
(45, '70', 'NASG'),
(46, '87', 'Electronics'),
(47, '48', 'Electronics'),
(48, '66', 'Electronics'),
(49, '124', 'DCC'),
(50, '124', 'Electronics'),
(51, '18', 'Electronics'),
(52, '19', 'Electronics'),
(53, '17', 'Electronics'),
(54, '91', 'Electronics'),
(55, '112', 'Electronics'),
(56, '64', 'Electronics'),
(57, '41', 'Signals'),
(58, '51', 'DCC'),
(59, '71', 'DCC'),
(60, '53', 'DCC'),
(61, '73', 'DCC'),
(62, '52', 'DCC'),
(63, '72', 'DCC'),
(64, '57', 'DCC'),
(65, '58', 'DCC'),
(66, '110', 'DCC'),
(67, '59', 'DCC'),
(68, '111', 'DCC'),
(69, '109', 'DCC'),
(70, '139', 'Non-Rail'),
(71, '138', 'Non-Rail'),
(72, '137', 'Non-Rail'),
(73, '136', 'Non-Rail'),
(74, '135', 'Non-Rail'),
(75, '134', 'Non-Rail'),
(76, '133', 'Non-Rail'),
(77, '132', 'Non-Rail'),
(78, '131', 'Non-Rail'),
(79, '130', 'Non-Rail'),
(80, '129', 'Non-Rail'),
(81, '128', 'Non-Rail'),
(82, '126', 'Non-Rail'),
(83, '127', 'Non-Rail'),
(84, '11', 'LDSIG'),
(85, '12', 'LDSIG'),
(86, '28', 'LDSIG'),
(87, '123', 'LDSIG'),
(88, '13', 'LDSIG'),
(89, '140', 'Modeling with the Masters'),
(90, '141', 'Modeling with the Masters'),
(91, '142', 'Modeling with the Masters'),
(92, '143', 'Modeling with the Masters'),
(93, '144', 'Modeling with the Masters'),
(94, '145', 'Modeling with the Masters');

-- --------------------------------------------------------

--
-- Loading data for table `test_eventtools_misc_events`
--

DELETE FROM `test_eventtools_misc_events`;
INSERT INTO `test_eventtools_misc_events` (`id`, `number`, `name`, `start_date`, `end_date`, `description`, `status_code`, `cart_item`, `misc_location_code`, `misc_url`) VALUES
(7, '', 'Auction Seller Settlement', '2011-07-08 14:00:00', '2011-07-08 19:30:00', '', 2, '', 10, ''),
(8, '', 'Auction Buyer Settlement', '2011-07-08 09:00:00', '2011-07-08 12:00:00', '', 2, '', 10, ''),
(9, '', 'Auction Buyer Settlement', '2011-07-07 16:00:00', '2011-07-07 19:30:00', '', 2, '', 10, ''),
(10, 'Auc1', 'Registration of Auction Items', '2011-07-03 12:00:00', '2011-07-03 19:30:00', '', 2, '', 10, ''),
(13, 'Auc2', 'Auction Bidding Open and Registration of Auction Items', '2011-07-04 09:00:00', '2011-07-04 13:00:00', '', 2, '', 10, ''),
(14, 'Auc5', 'Auction Bidding Open and Registration of Auction Items', '2011-07-04 14:00:00', '2011-07-04 19:30:00', '', 2, '', 10, ''),
(20, 'NTS1', 'National Train Show - Convention Access Only', '2011-07-08 09:00:00', '2011-07-08 12:00:00', '', 2, '', 11, ''),
(15, 'NASG1', 'NASG Roundhouse Revue & BBQ too!', '2011-07-09 17:30:00', '2011-07-08 23:30:00', 'S scale BBQ and musical variety show in the California State Railroad Museum roundhouse on Saturday evening, July 9th.  Open to everyone including spouse and children.  Ticket MUST be presented to gain admission.', 2, '', 8, 'http://www.x2011west.org/nasg.html#banquet'),
(16, 'NASG2', 'S Scale Welcoming Gathering', '2011-07-06 20:00:00', '2011-07-06 23:30:00', 'Welcoming gathering and socializing on Wednesday evening, July 6th. Dessert and coffee will be served, but not dinner. Interesting presentation by Stephen Priest, Editor of the NMRA''s monthly magazine.  Open to everyone.', 2, '', 0, 'http://www.x2011west.org/nasg.html#welcome'),
(17, 'NASG4', 'NASG Swap Meet Setup', '2011-07-07 07:00:00', '2011-07-07 09:00:00', '', 2, '', 0, 'http://www.x2011west.org/nasg.html#swapmeet'),
(18, 'NASG5', 'NASG Swap Meet Open', '2011-07-07 09:00:00', '2011-07-07 21:00:00', '', 2, '', 0, 'http://www.x2011west.org/nasg.html#swapmeet'),
(19, 'NASG6', 'NASG Swap Meet Tear-down', '2011-07-07 21:00:00', '2011-07-07 23:00:00', '', 2, '', 0, 'http://www.x2011west.org/nasg.html#swapmeet'),
(21, 'NTS2', 'National Train Show - Open To Public', '2011-07-08 12:00:00', '2011-07-08 18:00:00', '', 2, '', 11, ''),
(22, 'NTS4', 'National Train Show - Open To Public', '2011-07-09 10:00:00', '2011-07-09 18:00:00', '', 2, '', 11, ''),
(23, 'NTS4', 'National Train Show - Open To Public', '2011-07-10 10:00:00', '2011-07-10 17:00:00', '', 2, '', 11, ''),
(24, 'Auc6', 'Auction Bidding Open', '2011-07-05 09:00:00', '2011-07-05 13:00:00', '', 2, '', 10, 'http://www.x2011west.org/auction.html'),
(25, 'Auc7', 'Auction Bidding Open', '2011-07-05 14:00:00', '2011-07-05 19:30:00', '', 2, '', 10, 'http://www.x2011west.org/auction.html'),
(26, 'Auc8', 'Auction Bidding Open', '2011-07-06 09:00:00', '2011-07-06 13:00:00', '', 2, '', 10, 'http://www.x2011west.org/auction.html'),
(27, 'Auc9', 'Auction Bidding Open', '2011-07-06 14:00:00', '2011-07-06 19:30:00', '', 2, '', 10, 'http://www.x2011west.org/auction.html'),
(28, 'Nnqt', 'Nonquet', '2011-07-09 19:30:00', '2011-07-09 23:45:00', 'Saturday evening social hour. Dessert and no-host bar. Winterrail presentation with NMRA awards presented during intermissions. $5 charge.', 2, '', 0, '');

-- --------------------------------------------------------

--
-- Loading data for table `test_eventtools_misc_event_tags`
--

DELETE FROM `test_eventtools_misc_event_tags`;
INSERT INTO `test_eventtools_misc_event_tags` (`misc_event_tag_num`, `misc_event_tag_misc_event_number`, `tag_name`) VALUES
(7, '13', 'Auction'),
(8, '14', 'Auction'),
(9, '9', 'Auction'),
(10, '8', 'Auction'),
(11, '7', 'Auction'),
(12, '10', 'Auction'),
(13, '24', 'Auction'),
(15, '25', 'Auction'),
(16, '15', 'NASG'),
(17, '16', 'NASG'),
(18, '17', 'NASG'),
(19, '19', 'NASG'),
(20, '18', 'NASG'),
(21, '26', 'Auction'),
(22, '27', 'Auction');

-- --------------------------------------------------------

--
-- Loading data for table `test_eventtools_general_tours`
--

DELETE FROM `test_eventtools_general_tours`;
INSERT INTO `test_eventtools_general_tours` (`id`, `number`, `name`, `start_date`, `end_date`, `description`, `status_code`, `cart_item`, `tour_price`, `tour_seats`, `tour_bus_type`, `tour_buses`, `tour_mileage`) VALUES
(9, 'A?', '', '2011-07-02 08:30:00', '2011-07-02 16:00:00', 'Military Vehicle Technology Foundation; Woodside Live Steamers; Train Shop; San Jose Light Rail Maintanince ', 0, '', 0.00, 0, '47', 1, 0),
(18, 'A?', '', '2011-07-01 13:00:00', '2011-07-01 17:00:00', 'Lehigh Southwest Cement; Cal Trains Maintaince Faciltiy - CEMOF', 0, '', 0.00, 0, '47', 1, 0),
(17, 'A?', 'Union Pacific Operations', '2011-07-01 08:00:00', '2011-07-01 12:00:00', 'Oakland, CA', 0, '', 0.00, 0, '47', 1, 0),
(12, 'A?', 'USS Potomac', '2011-07-02 17:15:00', '2011-07-02 22:15:00', 'Jack London Square Oakland, CA', 0, '', 0.00, 0, '47', 2, 0),
(16, 'A?', 'Non-Rail San Francisco Tour', '2011-07-03 08:00:00', '2011-07-03 15:30:00', 'Disney Museum and City Tour', 0, '', 0.00, 0, '47', 1, 0),
(8, 'G101', 'SACRAMENTO RIVER DINNER TRAIN', '2011-07-03 16:30:00', '2011-07-03 21:30:00', 'The Sacramento River Train operates on the 16-mile &quot;Woodland Branch&quot; between Sacramento and Woodland constructed in 1911 by the Northern Electric Company as the Sacramento and Woodland Railroad to link the fertile farmlands of Yolo County with Sacramento. The line was electrified by third rail except in Woodland where overhead power was used.  Passenger operations came to an end in 1940 with the advent of World War II, but the Sacramento Northern Railway continued to move freight over the line until the early 1960s. The Sacramento Northern was acquired by the Western Pacific Railroad which in turn was merged with the Union Pacific Railroad in 1984.\r\n<p/>\r\nThe Yolo Shortline Railroad Company, created in 1991, purchased the Woodland Branch from the UP, and today continues to operate freight service out Woodland, California as well as the Sacramento River Dinner Train.\r\n<p/>\r\nJoin us for a fun filled evening of food, drink and MURDER.   MURDER??   We told you this was an unconventional convention.\r\n', 1, '', 0.00, 0, '', 0, 0),
(7, 'G102', 'RIVERCATS BASEBALL GAME', '2011-07-03 17:30:00', '2011-07-03 20:00:00', 'Alumni of the Sacramento Rivercats, the Oakland Athletics AAA farm team, have played on every winning World Series team since 1999.  The Rivercats traditional July third sell-out event includes a BBQ dinner before the game and fireworks after.   \r\n<p/>\r\nSo for a change of pace from train rides - we have at least one available every day - come out and join the festivities at Raley Field.\r\n', 2, '', 50.00, 165, '', 0, 90),
(29, 'G201', 'JELLY BELLY FACTORY TOUR', '2011-07-04 08:15:00', '2011-07-04 11:30:00', 'Ronald Regan began sharing Jelly Belly&reg; candies at meetings in 1967 when he was the Governor of California. He later wrote that &quot;we can hardly start a meeting or make a decision without passing around the jar of jelly beans.&quot; After he was elected President, he made Jelly Belly&reg; candies a staple in the Oval Office, on Air Force One, and on Marine One. \r\n<p/>\r\nReader&#146;s Digest once called The Jelly Belly Factory&reg; tour the best factory tour in America.  We think you will agree as you see how Jelly Belly&reg; and other candies are made, taste free samples, view the amazing art created from Jelly Belly&reg; candies, and explore their unique gift shop. \r\n<p/>\r\nTour G201 will run on July 4th, when the factory is not in production.  The Jelly Belly&reg; people have a special treat prepared for people who visit on days when they are not working.  So if you want the whole &quot;watch-em-work&quot; experience you&#146;ll want G601.  If the thought of dancing robots is more your style, you want G201.  Family members under twelve are free, but advance registration is required.\r\n', 2, '', 15.00, 55, '0', 0, 90),
(34, 'G202', 'FIREWORKS AT RANCHO CORDOVA', '2011-07-04 00:00:00', '2011-07-04 00:00:00', 'The Sacramento Valley Live Steam Railroad Museum is a group of live steam enthusiasts that call Rancho Cordova, California&#146;s Hagen Park home.  The City of Rancho Cordova has used Hagen Park as the location of their annual Fourth of July festivities for over 25 years.  This lucky combination created an opportunity for us to join the SVLSRM  in viewing the evening&#146;s fireworks from a unique viewing area accessed by their loop of track.', 0, '', 0.00, 0, '0', 0, 0),
(35, 'G203', 'FIREWORKS AT CAL-EXPO', '2011-07-04 00:00:00', '2011-07-04 00:00:00', '', 0, '', 0.00, 0, '0', 0, 0),
(36, 'G301', 'AEROSPACE MUSEUM OF CALIFORNIA AND CAL-FIRE MAINTENANCE ', '2011-07-05 00:00:00', '2011-07-05 00:00:00', 'The Aerospace Museum of California features 40 civilian and military aircraft, a motion ride simulator, and numerous special exhibits. Aircraft on display include a wide range of military fighters, trainers, and other planes flown by the US Air Force and Navy from 1940 to 2000.\r\n<p/>\r\nCAL-FIRE is responsible for fire protection of over 31 million acres of California&#146;s wild lands.  One key to controlling wildfires is getting air tankers and tactical aircraft to the scene as quickly as possible.  CAL-FIRE&#146;s fleet of 23 air tankers, 11 helicopters, and 14 tactical airplanes are stationed at 13 air attack and 9 helicopter bases statewide, but all are maintained at the McClellan facility.\r\n<p/>\r\nBetween visits to the two locations our buses will stop for a barbeque lunch at Daylight Sales, the premier provider of silk screened and embroidered railroad clothing (see G302 for a more detailed description) where an optional factory visit is also available.\r\n', 0, '', 0.00, 0, '0', 0, 0),
(37, 'G302', 'DAYLIGHT SALES', '2011-07-05 00:00:00', '2011-07-05 00:00:00', 'If you''ve been to railroad conventions in the past, you will recognize manufacturer Daylight Sales. Daylight Sales makes silk screen and embroidered shirts, hats, and other railroad items. On this tour, you will see how their silk screen and embroidered products are created. Items will be available for purchase and shipping home if you wish.  A free shirt will be given to each attendee, hot off the press.\r\n<p/>\r\nIn addition to the factory tour and personal shopping assistance, you will enjoy a barbeque lunch in Daylight Sales'' back lot where trains roll past regularly on their way into and departing from Union Pacific''s nearby Roseville Yard. \r\n', 1, '', 0.00, 0, '0', 0, 0),
(38, 'G312', 'DAYLIGHT SALES SELF GUIDED ', '2011-07-05 00:00:00', '2011-07-05 00:00:00', 'This is the same tour as G302 minus the bus and barbeque.  Barbeque tickets are available, however, in advance for $15 or on-site for $20.  Daylight Sales will accept visitors between 10:00 am and 3:00 pm but barbeque tickets are only available from 11:30 am and 1:00 pm.', 1, '', 0.00, 0, '0', 0, 0),
(30, 'G401', 'BURBANK HOUSE AND SHULZ MUSEUM', '2011-07-06 00:00:00', '2011-07-06 00:00:00', 'Santa Rosa was the home to Luther Burbank, the famed horticulturalist, and more recently Charles Schulz, the cartoonist who gave us the Peanuts gang for almost fifty years.\r\n<p/>\r\nAt the Burbank House we will have a docent led tour of the home, gardens and greenhouse.  Our tour of the Schulz Museum and Research Center will also be docent led but will also allow time to visit the center&#146;s hockey rink where Mr. Schulz used to play.  \r\n<p/>\r\nOur on-your-own lunch stop will be at Railroad Square in Santa Rosa where tour participants can also visit the Northwestern Pacific Railroad Historical Society&#146;s display the restored <b><font color="red">(what Railroad)</font></b>  Depot, or visit the antique shops around the square.  For dedicated antique shoppers, the Warm Puppy Caf&#233; at the Schulz Museum offers an alternative to the Railroad Square dining establishments.\r\n', 0, '', 0.00, 0, '0', 0, 0),
(32, 'G402', 'GRANGE RESTAURANT LUNCHEON EXTRAVAGANZA', '2011-07-06 00:00:00', '2011-07-06 00:00:00', 'This is a very special and unconventional event  at the Grange Restaurant, one of Sacramento&#146;s premiere dining destinations. Chef Michael Tuohy. a 31-year veteran of the restaurant industry and leading proponent of the Slow Food Movement, will take attendees to Sacramento&#146;s farmer&#146;s produce market where he will explain what he looks for in selecting items. Back at the restaurant, attendees will watch preparation of a meal using the produce selected at the farmers market.  AND FINALLY, enjoy the meal they have seen prepared.', 0, '', 0.00, 0, '0', 0, 0),
(31, 'G403', 'GOLD COUNTRY', '2011-07-06 00:00:00', '2011-07-06 00:00:00', 'This tour of California&#146;s Gold Rush country includes a trip to the site on the South Fork of the American River where James Marshall discovered gold in 1848 triggering the Gold Rush of 1849. The Gold Discovery State Park includes a replica of Marshall&#146;s original sawmill, a museum featuring period relics and displays, over 20 historic buildings and a monument marking the actual discovery site.\r\n<p/>\r\nAfter leaving the Discovery Site State Park we will travel to Placerville, California.  There we will visit two underground mines, one not normally open for public viewing, and their associated stamp mill.  These mines are representative of the hard rock mining that followed after the great hordes of 49ers had panned out most of California&#146;s gold-bearing streambeds.  At the restored stamp mill, tour visitors will witness a replica of the stamping machine in operation. \r\n<p/>\r\nThis tour includes a box lunch at the gold discovery site.\r\n', 0, '', 0.00, 0, '0', 0, 0),
(39, 'G501', 'WINE TASTING', '2011-07-07 00:00:00', '2011-07-07 00:00:00', '', 0, '', 0.00, 0, '0', 0, 0),
(40, 'G502', 'SACRAMENTO UNDERGROUND', '2011-07-07 00:00:00', '2011-07-07 00:00:00', '', 0, '', 0.00, 0, '0', 0, 0),
(33, 'G601', 'JELLY BELLY FACTORY TOUR', '2011-07-08 08:15:00', '2011-07-08 11:30:00', 'Ronald Regan began sharing Jelly Belly&reg; candies at meetings in 1967 when he was the Governor of California. He later wrote that &quot;we can hardly start a meeting or make a decision without passing around the jar of jelly beans.&quot; After he was elected President, he made Jelly Belly&reg; candies a staple in the Oval Office, on Air Force One, and on Marine One. \r\n<p/>\r\nReader&#146;s Digest once called The Jelly Belly Factory&reg; tour the best factory tour in America.  We think you will agree as you see how Jelly Belly&reg; and other candies are made, taste free samples, view the amazing art created from Jelly Belly&reg; candies, and explore their unique gift shop. \r\n<p/>\r\nTour G201 will run on July 4th, when the factory is not in production.  The Jelly Belly&reg; people have a special treat prepared for people who visit on days when they are not working.  So if you want the whole &quot;watch-em-work&quot; experience you&#146;ll want G601.  If the thought of dancing robots is more your style, you want G201.  Family members under twelve are free, but advance registration is required.\r\n', 2, '', 15.00, 55, '0', 0, 90),
(41, 'G602', 'GUIDE DOGS FOR THE BLIND', '2011-07-08 00:00:00', '2011-07-08 00:00:00', 'Guide Dogs for the Blind was formed in 1942 in Los Gatos, California by Lois Merrihew and Don Donaldson who recognized the need to help wounded servicemen who would return from World War II without their sight.  In 1947 the school relocated to their primary campus in San Rafael, California, and in 1995 opened a second facility in Boring, Oregon.  \r\n<p/>\r\nSince 1942 Guide Dogs for the Blind has graduated over 10,000 teams, over 2,200 of whom are currently active.  The organization is supported by 140 puppy raising clubs and 1,400 puppy raising volunteers.  Staff and volunteers at the training facilities number 265 employees and 950 volunteers.\r\n<p/>\r\nDuring the HOUR LONG WALKING TOUR of the 11 acre campus, you&#146;ll see how the dogs are cared for and trained. \r\n', 0, '', 0.00, 0, '0', 0, 0),
(21, 'G603', 'WINE TRAIN', '2011-07-08 16:00:00', '2011-07-08 22:45:00', 'The Napa Valley wine country lies about 60 miles southwest of Sacramento and is one of the premier travel destinations in the world. There are picturesque rolling hills planted with vineyards lining the valley while wineries of every stature dot the landscape.   The track used by the Napa Valley Wine Train was originally built in 1864 to provide freight and passenger service to the Napa Valley.  Passenger service was discontinued in the 1930s, and by the mid 1980&#146;s Southern Pacific was down to running a single freight train a week.\r\n<p/>\r\nA group of concerned citizens founded the Napa Valley Wine Train in 1987 and acquired the line from the SP, restoring 25 miles of track for its current use. \r\n<p/>\r\nMotive power is provided by four FPA-4 diesel locomotives built by the Montreal Locomotive works in 1958 and 1959.  The dining cars are ex-Northern Pacific Railway First Class coaches built by the Pullman Company in 1915,. and extensively restored when the Napa Valley Wine Train acquired the cars from the D&amp;RGW in 1987.\r\n<p/>\r\nThe fare on this tour includes the train and bus transportation, dinner and the gratuity on dinner.   There is no wine included in the tour price, but an extensive collection of local wines are available  for purchase on the train.\r\n', 2, '', 120.00, 110, '0', 0, 120),
(42, 'Gxx', 'FOLSOM FACTORY OUTLET MALL', '2011-07-08 00:00:00', '2011-07-08 00:00:00', 'This is largely an on-your-own tour on Sacramento Regional Transit rather than by bus, and is designed to provide the maximum flexibility to attendees.  The mall provides a group discount card for savings in addition to the traditional outlet store discounts.  In order to receive the card, tour participants must arrive together.  After that, you are free to spend an hour or all day.  Return home or take Sacramento Transit into the Folsom Historic District first.\r\n<p/>\r\nIf there is enough interest in a trip on a different day or time we will arrange a second discount book arrival.  Inquire at the tour desk.\r\n', 0, '', 0.00, 0, '0', 0, 0),
(43, 'P201', 'WESTERN PACIFIC MUSEUM PORTOLA AND FEATHER RIVER CANYON', '2011-07-04 07:15:00', '2011-07-04 18:15:00', 'The Western Pacific Railroad Museum located at Portola in California''s majestic Feather River Canyon has the largest and most complete locomotive and equipment collection in North America dedicated to a single railroad, with over 35 locomotives and 80 cars of various types. The museum encourages visitors to climb up in the cabs of locomotives, sit in the engineer''s seats, and browse through the many cabooses and passenger cars on display, including cars from the California Zephyr, one of the nation''s most famous passenger trains. \r\n<p/>\r\nOur trip to (P202) or returning from (P201) Portola will travel via the Feather River Canyon, an excellent locale for railfanning, with anticipated stops at Serpentine Canyon, Virgilia Siding and the Pulga Trestles.  Stops will adjusted to allow photography of detected train traffic.  There will be no stop at the Keddie Wye where highway traffic is too dangerous to permit stopping and unloading the bus for photography.  We regret this omission from the trip, but safety is critical.\r\n<p/>\r\nLunch from a local deli will be provided at the Museum.\r\n', 2, '', 80.00, 32, '0', 0, 325),
(44, 'P202', 'WESTERN PACIFIC MUSEUM PORTOLA AND FEATHER RIVER CANYON', '2011-07-04 07:30:00', '2011-07-04 18:30:00', 'The Western Pacific Railroad Museum located at Portola in California''s majestic Feather River Canyon has the largest and most complete locomotive and equipment collection in North America dedicated to a single railroad, with over 35 locomotives and 80 cars of various types. The museum encourages visitors to climb up in the cabs of locomotives, sit in the engineer''s seats, and browse through the many cabooses and passenger cars on display, including cars from the California Zephyr, one of the nation''s most famous passenger trains. \r\n<p/>\r\nOur trip to (P202) or returning from (P201) Portola will travel via the Feather River Canyon, an excellent locale for railfanning, with anticipated stops at Serpentine Canyon, Virgilia Siding and the Pulga Trestles.  Stops will adjusted to allow photography of detected train traffic.  There will be no stop at the Keddie Wye where highway traffic is too dangerous to permit stopping and unloading the bus for photography.  We regret this omission from the trip, but safety is critical.\r\n<p/>\r\nLunch from a local deli will be provided at the Museum.\r\n', 2, '', 80.00, 32, '0', 0, 325),
(45, 'P211', 'WESTERN PACIFIC WITH LOCOMOTIVE OPERATION', '2011-07-04 07:15:00', '2011-07-04 18:15:00', 'Tours P211 and P212 will share transportation with P201 and P202 and attendees will be able to participate in all activities noted for those tours.  Additionally, participants on these two tours will operate a Western Pacific F unit for approximately 15 minutes and share the cab with three other participants for the balance of the one hour window each group of 4 will receive.   Tours P211 and P212 are limited to 12 participants each.', 2, '', 115.00, 12, '0', 0, 325),
(46, 'P212', 'WESTERN PACIFIC WITH LOCOMOTIVE OPERATION', '2011-07-04 07:30:00', '2011-07-04 18:30:00', 'Tours P211 and P212 will share transportation with P201 and P202 and attendees will be able to participate in all activities noted for those tours.  Additionally, participants on these two tours will operate a Western Pacific F unit for approximately 15 minutes and share the cab with three other participants for the balance of the one hour window each group of 4 will receive.   Tours P211 and P212 are limited to 12 participants each.', 2, '', 115.00, 12, '0', 0, 325),
(47, 'P203', 'SIERRA RAILWAY AT RAILTOWN 1897', '2011-07-04 10:00:00', '2011-07-04 18:30:00', 'Known as &quot;The Movie Railroad,&quot; the Sierra Railroad''s survival has long been aided by the film industry. The first known filming on the railroad was in 1919 for a silent serial called <i>The Red Glove</i>. Since then, the historic buildings, locomotives, and the railroad cars preserved here have appeared in more than 200 films, television productions, and commercials. Still a popular Hollywood location site, Railtown 1897 has been called &quot;the most photographed railroad in the world.&quot; <i>Petticoat Junction</i>, <i>The Wild, Wild West</i>, <i>High Noon</i>, <i>The Virginian</i>, <i>Unforgiven</i>, and <i>Back to the Future Part III</i> were all filmed on the railroad.\r\n<p/>\r\nIn 1982 the Sierra Railroad sold it''s Jamestown complex, along with the steam locomotives and other equipment, to the State of California, which now runs that facility as a California State Park  called Railtown 1897 State Historic Park.  The three locomotives: Sierra Railway No. 2, a Lima 1922 3-Ton Shay; Sierra Railway No. 3, a Rogers 1891 4-6-0, used for movies and specials and the oldest surviving Rogers 4-6-0 and Sierra Railway No. 28, a Baldwin 1922 2-8-0 that is currently out of service.\r\n<p/>\r\nOur tour will travel down the Mother Lode highway from Placerville to Jamestown, passing through  towns built during the Gold Rush. At Railtown 1897 State Historic Park, we will have a Texas Style BBQ in the park''s picnic grounds, a docent lead tour of the historic shops and grounds and take about a 50 minute ride behind one of the park''s steam locomotives.  Although the locomotive used will depend on their status at the time, it is currently expected the train that day will be pulled by the 1891 4-6-0 Sierra #3, star of innumerable movies and TV series, that has recently returned to service. \r\n<p/>\r\nOur return trip on the less scenic interstate system is designed to have participants arrive back in Sacramento around 6:00 pm, in time to join one of the evening''s fireworks events. \r\n', 2, '', 60.00, 165, '0', 0, 200),
(50, 'P321', 'PHOTOGRAPHY SESSION - CSRM (*HA)', '2011-07-05 00:00:00', '2011-07-05 00:00:00', 'The California State Railroad Museum has a lot of wonderful equipment to photograph.  All of which can be done during normal museum hours, with flash and lots of people to shoot around.  This tour gives you the unique opportunity to use a tripod and be in a limited attendance environment of only convention attendees before normal Museum operating hours.  Tour size is limited to 50 attendees. ', 1, '', 0.00, 50, '0', 0, 0),
(49, 'P301', 'MODESTO AND EMPIRE TRACTION', '2011-07-05 08:00:00', '2011-07-05 12:45:00', 'While the names of the original railroad and the current M&amp;ET both seem to imply that the railroad was built as an interurban, wires were never strung and passenger service was initially provided by a gasoline railcar and later by a battery-powered street car. Passenger service ended in 1917, but freight operations continued and were handled by a variety of steam engines. Steam was replaced with GE 70-tonners beginning in 1947. The M&amp;ET now serves its customers with a fleet of seven Railpower GenSet 2000-HP locomotives.  \r\n<p/>\r\nOur tour will include a history of the railroad, a shop tour with photo ops of the locos and shops, and a narrated tour through the railroads switching district.  We will see and hear about the types of switching maneuvers, the businesses served, and the challenges of the railroad.   ', 2, '', 20.00, 55, '0', 0, 160),
(51, 'P303', 'CENTRAL CALIFORNIA TRACTION', '2011-07-05 03:30:00', '2011-07-05 07:20:00', 'The Central California Traction Company was incorporated in 1905 and was originally conceived as a streetcar line for Stockton, a city south of Sacramento. By September 1907, electric passenger train service began between Stockton and the city of Lodi, south of Stockton. By August 1910, the passenger line had been extended northerly to Sacramento. Freight service began on the line about the same time.  Interurban passenger service made its last run in February 1933 at the height of the Depression. CCT''s freight operations continued under electricity for another decade until the CCT made the switch from electricity to diesel after the arrival of a pair of GE 44-tonners in 1946.\r\n<p/>\r\nToday, the CCT has two unconnected lines. One runs from Sacramento to Stockton with a connection to the city of Lodi. A second line serves the Port of Stockton, the second largest inland port on the West Coast, which serves the vast agricultural area of the San Joaquin Valley. This tour will give you an up-close view of this thriving shortline railroad.  <b><font color="red">WHICH ARE WE VISITING AND IS THERE ANY SPECIFIC COMMENT TO MAKE</font></b>\r\n', 1, '', 20.00, 55, '0', 0, 50),
(52, 'P304', 'HAYES TRUCK MUSEUM /HEIDRICK AG HISTORY CENTER (*HA)', '2011-07-05 00:00:00', '2011-07-05 00:00:00', 'The Hayes Antique Truck/Heidrick Ag History Center consists of two historical collections housed in a single 130,000-square-foot interactive exhibit. The cornerstones of these exhibits are the Fred C. Heidrick Antique Ag Collection, the world''s largest and most unique collection of one-of-a-kind antique agricultural equipment, and the Hayes Antique Truck Museum, recognized as the largest collection of antique trucks in the world. \r\n<p/>\r\nThe Heidrick collection in addition to farm implements and tractors ranging from an 1890 Deering Reaper to numerous Caterpillar, Holt, Fordson, and John Deere tractors from the 1920s, this exhibit includes a restored City of Woodland horse drawn street car.  The Hayes Truck collection includes over 100 different makes of old trucks representing 94 different manufacturers including the one and only 1916 Breeding Steam Truck. And an ALCO Diesel - truck not locomotive.  \r\n', 1, '', 0.00, 0, '0', 0, 0),
(53, 'P401', 'NWP HISTORICAL SOCIETY AND PETALUMA TROLLEY RESTORATION SHOPS', '2011-07-06 00:00:00', '2011-07-06 00:00:00', 'The Northwestern Pacific Historical Society and Petaluma Trolley share a facility in which both are working on projects restoring equipment.  Our trip starts with a visit to that facility where we will meet with representatives of both organizations.  After leaving the facility in Petaluma we will travel to Santa Rosa where participants can visit the NWPHS'' display in the Santa Rosa Depot prior to or after lunch in one of Railroad Square''s dining establishments.  Before leaving Santa Rosa to return to Sacramento we will stop and view Ed Merrins NWP themed layout.', 0, '', 0.00, 0, '0', 0, 0),
(54, 'P402', 'NEVADA COUNTY NARROW GAUGE', '2011-07-06 00:00:00', '2011-07-06 00:00:00', 'This tour by mini-bus will follow the NCNG right-of-way from Colfax to Nevada City with stops along the way to see bridge and station locations, view portions of the right-of-way, and visit the Nevada County Narrow Gauge Railroad Museum in Nevada City. At the museum, attendees will be given a docent-led historical tour of the museum, rail yards, and restoration shop. NCNG No. 5, an 1875 Baldwin that initially hauled lumber, then passengers and freight and finally ended up as a movie engine at Universal Studios in Hollywood is on display. The rail yard houses a collection of wooden cars, some of which have been restored while others are awaiting their turn in the restoration shop.  \r\n<p/>\r\n<b><font color="red">GET OK TO REFERENCE SHAUMBERG GUIDE AND LUNCH ARRANGEMENTS</font></b>\r\n', 1, '', 0.00, 0, '0', 0, 0),
(55, 'P403', 'WESTERN RAILWAY MUSEUM - RIO VISTA', '2011-07-06 00:00:00', '2011-07-06 00:00:00', 'The Western Railway Museum has over 50 historic cars on display in its 2,400-square-foot display and exhibit hall.   Our docent led tour will view cars in exhibit halls and ride approximately ten miles of track in one of the museum''s restored trolleys.  Afterwards tour participants will have time to visit the museum''s photographic displays and gift shop. \r\n<p/>\r\n<b><font color="red">GET FURTHER INFORMATION FROM MUSEUM</font></b>\r\n', 1, '', 0.00, 0, '0', 0, 0),
(56, 'P413', 'PETALUMA TROLLEY AND WESTERN RAILWAY MUSEUM - SELF GUIDED', '2011-07-06 00:00:00', '2011-07-06 00:00:00', 'As our trolley enthusiasts know, tours for their interest are slim at our conventions, largely due to the limited number of members interested in that aspect of our hobby.   Tour P401 is primarily Northwestern Pacific themed, but includes the Petaluma Trolley restoration project which is housed in the same facility as the NWPHS restoration project.  Tour participants on P401 will not be back in time to participate in tour P403.  Therefore, as SELF DRIVEN ONLY we are offering both locations as an alternative tour.  Self driving participants can arrive at the Western Railway Museum up to thirty minutes before our planned bus arrival at 1:30 pm.', 1, '', 0.00, 0, '0', 0, 0),
(57, 'P404', 'UNION PACIFIC ROSEVILLE YARD', '2011-07-06 00:00:00', '2011-07-06 00:00:00', '<b><font color="red">GET INFORMATION FROM UP</font></b>', 0, '', 0.00, 0, '0', 0, 0),
(58, 'PXXX ', 'GLADDING MCBEAN', '2011-07-11 00:00:00', '2011-07-11 00:00:00', '<b><font color="red">PENDING - GET INFORMATION FROM COMPANY</font></b>', 0, '', 0.00, 0, '0', 0, 0),
(59, 'PXXX1', 'SACRAMENTO REGIONAL TRANSIT', '2011-07-11 00:00:00', '2011-07-11 00:00:00', '<b><font color="red">PENDING - GET INFORMATION FROM SACRAMENTO TRANSIT</font></b>', 0, '', 0.00, 0, '0', 0, 0),
(60, 'P407', 'SIEMENS', '2011-07-06 00:00:00', '2011-07-06 00:00:00', '<b><font color="red">PENDING - GET INFORMATION FROM COMPANY</font></b>', 0, '', 0.00, 0, '0', 0, 0),
(61, 'P408', 'FOLSOM HISTORICAL SITES', '2011-07-06 00:00:00', '2011-07-06 00:00:00', 'When the Folsom Powerhouse opened in 1895 it was the first power system to transmit high voltage alternating electric current over long distance power lines by sending power to Sacramento, twenty-two miles away.  That feat has earned it a spot in the National Register of Historic Places.   Our docent led tour of the Powerhouse is one of three stops we will make after arriving in Folsom. Our other stops are the Folsom Railroad Museum operated by the El Dorado Historical Society Railroad and the Folsom History Museum. \r\n<p/>\r\nThis tour will travel via Sacramento Regional Transit''s Light Rail System from the Convetnion Center to end of the blue line in Downtown Folsom.  All of our stops in Folsom are within walking distance of the light rail stop.\r\n', 1, '', 0.00, 0, '0', 0, 0),
(62, 'P501', 'SIERRA PACIFIC LUMBER', '2011-07-07 07:30:00', '2011-07-07 11:45:00', 'The Sierra Pacific Lumber Company operates numerous facilites in Northern California.  We will tour their Mill in Lincoln.  <b><font color="red">NEED DESCRIPTION</font></b>', 1, '', 20.00, 55, '0', 0, 62),
(63, 'Pxxx2', 'CALIFORNIA STATE RAILROAD MUSEUM', '2011-07-11 00:00:00', '2011-07-11 00:00:00', '<b><font color="red">DO WE WANT GENERAL DESCRIPTION?</font></b>', 0, '', 0.00, 0, '0', 0, 0),
(64, 'P521', 'SOUTHERN PACIFIC SHOPS TOUR - CSRM', '2011-07-07 00:00:00', '2011-07-07 00:00:00', 'Our tour will begin in the auditorium of the Museum with a presentation on the history of <b><font color="red">..... WHAT ....</font></b> and will continue on to nearby shops.  Although the Museum is fully ADA compliant and anyone can attend the lecture portion of the tour, the shops are a former railroad and current equipment support facility for the Museum and as such not suitable for people with mobility issues.', 1, '', 0.00, 0, '0', 0, 0),
(65, 'P522', 'SOUTHERN PACIFIC SHOPS TOUR  CSRM', '2011-07-07 00:00:00', '2011-07-07 00:00:00', 'Our tour will begin in the auditorium of the Museum with a presentation on the history of <b><font color="red">.... WHAT ....</font></b> and will continue on to nearby shops.  Although the Museum is fully ADA compliant and anyone can attend the lecture portion of the tour, the shops are a former railroad and current equipment support facility for the Museum and as such not suitable for people with mobility issues.', 1, '', 0.00, 0, '0', 0, 0),
(66, 'P523', 'SIGNALS OPERATION CLASS AND VIEWING - CSRM', '2011-07-07 00:00:00', '2011-07-07 00:00:00', '<b><font color="red">NEED DESCRIPTION FROM SETH</font></b>', 0, '', 0.00, 0, '0', 0, 0),
(67, 'P524', 'USING THE NMRA ARCHIVES - CSRM', '2011-07-07 00:00:00', '2011-07-07 00:00:00', '<b><font color="red">CONFIRM WITH CLINICS AS TO CONTENT</font></b>', 0, '', 0.00, 0, '0', 0, 0),
(68, 'P525', 'STARTING A STEAM LOCOMOTIVE - CSRM', '2011-07-07 00:00:00', '2011-07-07 00:00:00', 'Ever wonder what goes on before you get on that steam powered tourist train?  Visit with the CSRM crew as the prepare the Sacramento Southern for use during the Thursday evening big event.  ', 0, '', 0.00, 0, '0', 0, 0),
(69, 'P526', 'NON-RAIL ASPECTS OF A RAILROAD MUSEUM - CSRM', '2011-07-07 00:00:00', '2011-07-07 00:00:00', '<b><font color="red">GET DESCRIPTION FROM PAUL</font></b>', 0, '', 0.00, 0, '0', 0, 0),
(70, 'P527', 'MAINTENANCE OF A CONTINUALLY RUNNING LAYOUT - CSRM', '2011-07-07 00:00:00', '2011-07-07 00:00:00', '<b><font color="red">GET DESCRIPTION FROM PAUL</font></b>', 0, '', 0.00, 0, '0', 0, 0),
(71, 'P528', 'THE NEW HOWELL DAY LAYOUT - CSRM (???????)', '2011-07-07 00:00:00', '2011-07-07 00:00:00', '<b><font color="red">GET DESCRIPTION FROM PAUL</font></b>', 0, '', 0.00, 0, '0', 0, 0),
(72, 'P512', 'SF TROLLEY AND CABLE CAR MUSEUMS', '2011-07-07 00:00:00', '2011-07-07 00:00:00', 'Our tour will travel via Amtrak and Bay Area Rapid Transit (BART) to within walking distance of the San Francisco Railway Museum.   The SF Railway Museum includes both static displays and over forty antique trolleys in their &quot;Museum in Motion&quot; over twenty of which are in service on any given day.  The tour fee includes round trip Amtrak and BART tickets, a day pass on the San Francisco Municipal Railway (Cable Car and Trolleys) and donations to the SF Railway and Cable Car Museums.\r\n<p/>\r\nAfter our docent led tour of the museum''s static displays our official tour will take one of the &quot;Museum in Motion&quot; trolleys to Fisherman''s Wharf for lunch, a second trolley to the Powell and Mason Cable Car line after lunch where we will ride to the Cable Car Museum and Powerhouse.  The Cable Car Museum showcases the actual cable wheel in operation as well as old photographs and a video of cable car operation.  From there we will use the California Street cable car line back to BART and Amtrak for our trip back to Sacramento.  \r\n<p/>\r\nBUT - You''re all big guys and the tour includes a day pass to ride the antique trolleys.  So if you think riding them more interesting than that old cable wheel, and nobody said Fisherman''s Wharf was the best place to eat lunch in San Francisco - but it''s not bad, deviate from the &quot;official&quot; tour and find your way back on your own.  Just remember the shuttle service the convention is running in Sacramento on Thursday ends at 7:00 pm, but public transit is running and it is walking distance.  More importantly, the last of Amtrak''s Capitol Corridor trains from Richmond to Sacramento leaves at 8:30 pm.\r\n', 1, '', 0.00, 0, '0', 0, 0),
(73, 'P701', 'SPEEDER RIDES', '2011-07-09 00:00:00', '2011-07-09 00:00:00', 'They are noisy, bumpy, drafty and potentially the most fun you can have riding a &quot;train&quot; at this or any other convention.  Members of the Amador Central Railroad, a joint venture of the Recreational Railroad Coalition Historical Society and the Amador County Historical Society will provide rides on the Amador Central Railroad trackage out of Ione, California.  Round trip out and back to Ione will be approximately 2 _ of speeder operation.', 1, '', 0.00, 0, '0', 0, 0),
(74, 'P702', 'CARSON AND TAHOE LUMBER FLUME TOUR', '2011-07-09 00:00:00', '2011-07-09 00:00:00', 'The Carson and Tahoe Lumber and Fluming Company was organized in 1873 and operated several flumes to transport lumber and over 8 miles of railroad.  Logging operations ceased around 1896 but the company was not formally dissolved until 1947.  The company''s center of activity was located around Glenbrook, Spooner Summit, and Clear Creek Canyon, where portions remain to this day. \r\nThe Truckee Donner railroad Society is a group of individuals who recognizing the importance railroads played in the formation and development of Truckee and the surrounding area, formed a not-for-profit corporation in 2000.  Their mission is to perpetuate the study, advancement and knowledge of the working railroad in the Truckee Donner area.  On May 8, 2010 the TDRS opened a museum in a former SP caboose adjoining the Amtrak station in Truckee.\r\nJoin us for a tour, lead by a TDRS member that will start in Glenbrook, go up Spooner Summit to follow the old grade to a switchback on a trestle overlooking Lake Tahoe. From there it is a short drive to Spooner Meadow where lumber came off the railroad and was put in a V-Flume to float down to Carson City. After viewing a portion of that 17 mile flume route in Clear Creek Canyon we end this portion of the trip in Carson City with a visit to the Nevada State Railroad Museum.  Although the hikes on the Carson and Tahoe Lumber and Fluming Company right-of-way are classified as easy they are still significant walks. \r\n<p/>\r\nOn the return trip we will also visit the Truckee Donner RR Society''s museum in downtown Truckee.   <em><font color="red">Maybe  - still need to review bus pricing and distance.</font></em>\r\n', 1, '', 0.00, 0, '0', 0, 0),
(75, 'P703', 'V&T AND VIRGINIA CITY', '2011-07-09 00:00:00', '2011-07-09 00:00:00', 'The Virginia and Truckee Railroad was an immensely profitable shortline railroad completed in 1872 to connect the Comstock silver producing mines with the reduction mills at Silver City and along the Carson River. It also provided these mines with needed lumber, mining timbers and cord wood for fuel. It ultimately extended from Virginia City to Reno via Carson City. However the decline of the Comstock mines near Virginia City forced the railroad to make its last run in May 1950.\r\n<p/>\r\nBut the V&amp;T was not forgotten. In the mid-1970s, Robert Gray began rebuilding the V&amp;T from Virginia City through Tunnel 4 to Gold Hill, a few miles away, as a tourist line. Steam trains began running over this portion of the historic line in 1976.  In 2005, work began on reconstruction of the line between Virginia City and Carson City and the inaugural run over the new line, much of which follows the original alignment, took place in August 2009.   \r\n<p/>\r\nWe will ride the reconstructed V&T from Carson City to historic Virginia City where you will have an opportunity to sightsee the old town as well as enjoy an own your own lunch.  After lunch we will take the train back down to Carson City for a visit to the Nevada State Railroad Museum.  The NSRM preserves the railroad heritage of Nevada including the V&amp;T and other railroads of the Silver State.  The museum houses two restored and operable V&amp;T steam locomotives and a V&amp;T McKeen motorcar which was returned to service in 2010.\r\n<p/>\r\nThe tour is designed to be back to the Convention Center in time for the Saturday evening event.\r\n', 1, '', 0.00, 0, '0', 0, 0),
(76, 'G??', 'Folsom Outlet Shopping', '2011-07-07 13:00:00', '2011-07-07 13:00:00', 'We will ride light rail to this outlet mall. Coupon books will be available, when we arrive. You can shop till you drop. Check out <a href="http://www.premiumoutlets.com/outlets/outlet.asp?id=27">their website</a>!', 0, '', 0.00, 0, '0', 0, 0),
(77, 'GNQ', 'Nonquet', '2011-07-09 19:30:00', '2011-07-09 23:45:00', 'Saturday evening social hour. Dessert and no-host bar. Winterrail presentation with NMRA awards presented during intermissions', 0, '', 5.00, 1200, '0', 0, 0),
(78, 'G303', 'DONNER SUMMIT', '2011-07-01 08:00:00', '2011-07-01 17:00:00', 'The summit is legendary; both for a party of pioneers and a pioneering railroad using immigrant labor to build roadbed over the treacherous Sierra Nevada Mountains.  The Central Pacific Railroad''s building of track from Sacramento, California to Promontory, Utah is beyond the scope of our tour, and even just  the construction of the roadbed, tunnels and snowsheds over Donner will  be difficult to cover in one morning.  Our guide, from the Truckee Donner Railroad Society will do that and more.\r\n<p/>\r\nThe Truckee Donner Railroad Society is a group of individuals who recognizing the importance railroads played in the formation and development of Truckee and the surrounding area, formed a not-for-profit corporation in 2000.  Their mission is to perpetuate the study, advancement and knowledge of the working railroad in the Truckee Donner area.  On May 8, 2010 the TDRS opened a museum in a former SP caboose adjoining the Amtrak station in Truckee.\r\n<p/>\r\nThat museum, along with an on your own lunch in own of downtown Truckee''s many dining establishments will be the final stop on our trip before heading back to the convention center.\r\n<p/>\r\n<em>This tour involves a significant amount of difficult walking and is definitely not for convention attendees not physically able to contend with that effort.</em>\r\n<p/>\r\nDue to track re-alignments by the Union Pacific, the exact routing of the walking portion of the tour is unable to be determined at this time, but rest assured it will be enjoyable (and strenuous) whatever the final routing will be.  \r\n', 1, '', 0.00, 0, '0', 0, 0),
(79, 'P704', 'SPEEDER RIDES', '2011-07-09 08:00:00', '2011-07-09 17:00:00', 'They are noisy, bumpy, drafty and potentially the most fun you can have riding a &quot;train&quot; at this or any other convention.  Members of the Amador Central Railroad, a joint venture of the Recreational Railroad Coalition Historical Society and the Amador County Historical Society will provide rides on the Amador Central Railroad trackage out of Ione, California.  Round trip out and back to Ione will be approximately 2 _ of speeder operation.', 1, '', 0.00, 0, '0', 0, 0),
(80, 'P405', 'SIERRA PACIFIC LUMBER', '2011-07-06 07:30:00', '2011-07-06 11:45:00', 'The Sierra Pacific Lumber Company operates numerous facilites in Northern California.  We will tour their Mill in Lincoln.  <b><font color="red">NEED DESCRIPTION</font></b>', 1, '', 20.00, 55, '0', 0, 62);

-- --------------------------------------------------------

--
-- Loading data for table `test_eventtools_availability` - not implemented
--


-- --------------------------------------------------------

--
-- Loading data for table `test_eventtools_changelog` - none, as done by myPhpEdit
--
DELETE FROM `test_eventtools_changelog`;

-- --------------------------------------------------------
